# https://github.com/mikedh/trimesh

o geometry_0
v 0.00000000 0.01900000 -0.00536053
v 0.00160826 0.01896359 -0.00536053
v 0.00000000 0.01900000 -0.01000000
v -0.00086120 0.01898072 -0.00536053
v 0.00160826 0.01896359 -0.01000000
v 0.00320615 0.01885865 -0.00536053
v -0.00160826 0.01896359 -0.01000000
v -0.00160826 0.01896359 -0.00536053
v 0.00320615 0.01885865 -0.01000000
v 0.00393765 0.01877941 -0.00536053
v -0.00320615 0.01885865 -0.01000000
v -0.00246427 0.01890791 -0.00536053
v 0.00478328 0.01868732 -0.01000000
v 0.00478328 0.01868732 -0.00536053
v -0.00320615 0.01885865 -0.00536053
v -0.00478328 0.01868732 -0.01000000
v 0.00632410 0.01844960 -0.01000000
v 0.00632410 0.01844960 -0.00536053
v -0.00478328 0.01868732 -0.00536053
v -0.00632410 0.01844960 -0.01000000
v 0.00782341 0.01815192 -0.01000000
v 0.00782341 0.01815192 -0.00536053
v -0.00632410 0.01844960 -0.00536053
v -0.00782341 0.01815192 -0.01000000
v 0.00849785 0.01798701 -0.00536053
v 0.00927604 0.01779641 -0.01000000
v -0.00782341 0.01815192 -0.00536053
v -0.00927604 0.01779641 -0.01000000
v 0.00927604 0.01779641 -0.00536053
v 0.01066641 0.01739164 -0.01000000
v -0.00927604 0.01779641 -0.00536053
v -0.01066641 0.01739164 -0.01000000
v 0.01066641 0.01739164 -0.00536053
v 0.01199452 0.01694190 -0.01000000
v -0.01066641 0.01739164 -0.00536053
v -0.01199452 0.01694190 -0.01000000
v 0.01199452 0.01694190 -0.00536053
v 0.01325519 0.01645147 -0.01000000
v -0.01199452 0.01694190 -0.00536053
v -0.01325519 0.01645147 -0.01000000
v 0.01325519 0.01645147 -0.00536053
v 0.01444323 0.01592678 -0.01000000
v -0.01325519 0.01645147 -0.00536053
v -0.01444323 0.01592678 -0.01000000
v -0.01389331 0.01617092 -0.00536053
v 0.01444323 0.01592678 -0.00536053
v 0.01496721 0.01566978 -0.00536053
v 0.01556901 0.01537424 -0.01000000
v -0.01444323 0.01592678 -0.00536053
v -0.01556901 0.01537424 -0.01000000
v 0.01556901 0.01537424 -0.00536053
v 0.01605668 0.01510654 -0.00536053
v 0.01661697 0.01479814 -0.01000000
v -0.01556901 0.01537424 -0.00536053
v -0.01661697 0.01479814 -0.01000000
v 0.01661697 0.01479814 -0.00536053
v 0.01707351 0.01452187 -0.00536053
v 0.01759749 0.01420277 -0.01000000
v -0.01661697 0.01479814 -0.00536053
v -0.01759749 0.01420277 -0.01000000
v -0.01714614 0.01447904 -0.00536053
v 0.01759749 0.01420277 -0.00536053
v 0.01802290 0.01392008 -0.00536053
v 0.01851057 0.01359241 -0.01000000
v -0.01759749 0.01420277 -0.00536053
v -0.01851057 0.01359241 -0.01000000
v -0.01809035 0.01387510 -0.00536053
v 0.01851057 0.01359241 -0.00536053
v 0.01936139 0.01297134 -0.01000000
v -0.01936139 0.01297134 -0.01000000
v -0.01851057 0.01359241 -0.00536053
v 0.01936139 0.01297134 -0.00536053
v 0.02014477 0.01234170 -0.01000000
v -0.01936139 0.01297134 -0.00536053
v -0.02014477 0.01234170 -0.01000000
v 0.02014477 0.01234170 -0.00536053
v 0.02048199 0.01204830 -0.00536053
v 0.02086590 0.01170778 -0.01000000
v -0.02014477 0.01234170 -0.00536053
v -0.02086590 0.01170778 -0.01000000
v -0.02053387 0.01200119 -0.00536053
v 0.02086590 0.01170778 -0.00536053
v 0.02117717 0.01141224 -0.00536053
v 0.02153514 0.01106958 -0.01000000
v -0.02086590 0.01170778 -0.00536053
v -0.02153514 0.01106958 -0.01000000
v 0.02153514 0.01106958 -0.00536053
v 0.02214732 0.01043138 -0.01000000
v -0.02153514 0.01106958 -0.00536053
v -0.02214732 0.01043138 -0.01000000
v 0.02214732 0.01043138 -0.00536053
v 0.02240671 0.01013584 -0.00536053
v 0.02270243 0.00979318 -0.01000000
v -0.02214732 0.01043138 -0.00536053
v -0.02270243 0.00979318 -0.01000000
v 0.02270243 0.00979318 -0.00536053
v 0.02321603 0.00915712 -0.01000000
v -0.02270243 0.00979318 -0.00536053
v -0.02321603 0.00915712 -0.01000000
v 0.02321603 0.00915712 -0.00536053
v 0.02368295 0.00852320 -0.01000000
v -0.02321603 0.00915712 -0.00536053
v -0.02368295 0.00852320 -0.01000000
v 0.02368295 0.00852320 -0.00536053
v 0.02410317 0.00789570 -0.01000000
v -0.02368295 0.00852320 -0.00536053
v -0.02410317 0.00789570 -0.01000000
v 0.02410317 0.00789570 -0.00536053
v 0.02427956 0.00760444 -0.00536053
v 0.02448189 0.00726821 -0.01000000
v -0.02410317 0.00789570 -0.00536053
v -0.02448189 0.00726821 -0.01000000
v 0.02448189 0.00726821 -0.00536053
v 0.02464272 0.00697909 -0.00536053
v 0.02482430 0.00664500 -0.01000000
v -0.02448189 0.00726821 -0.00536053
v -0.02482430 0.00664500 -0.01000000
v 0.02482430 0.00664500 -0.00536053
v 0.02513038 0.00602607 -0.01000000
v -0.02482430 0.00664500 -0.00536053
v -0.02513038 0.00602607 -0.01000000
v -0.02499031 0.00631304 -0.00536053
v 0.02513038 0.00602607 -0.00536053
v 0.02540016 0.00540928 -0.01000000
v -0.02527565 0.00569626 -0.00536053
v -0.02513038 0.00602607 -0.00536053
v -0.02540016 0.00540928 -0.01000000
v 0.02540016 0.00540928 -0.00536053
v 0.02563880 0.00479892 -0.01000000
v -0.02540016 0.00540928 -0.00536053
v -0.02563880 0.00479892 -0.01000000
v -0.02552986 0.00508161 -0.00536053
v 0.02563880 0.00479892 -0.00536053
v 0.02584632 0.00419070 -0.01000000
v -0.02563880 0.00479892 -0.00536053
v -0.02584632 0.00419070 -0.01000000
v 0.02584632 0.00419070 -0.00536053
v 0.02592933 0.00391015 -0.00536053
v 0.02602271 0.00358462 -0.01000000
v -0.02584632 0.00419070 -0.00536053
v -0.02602271 0.00358462 -0.01000000
v 0.02602271 0.00358462 -0.00536053
v 0.02609015 0.00330621 -0.00536053
v 0.02616797 0.00298283 -0.01000000
v -0.02602271 0.00358462 -0.00536053
v -0.02616797 0.00298283 -0.01000000
v -0.02610053 0.00326338 -0.00536053
v 0.02616797 0.00298283 -0.00536053
v 0.02622504 0.00270656 -0.00536053
v 0.02628730 0.00238317 -0.01000000
v -0.02616797 0.00298283 -0.00536053
v -0.02628730 0.00238317 -0.01000000
v 0.02628730 0.00238317 -0.00536053
v 0.02638068 0.00178566 -0.01000000
v -0.02628730 0.00238317 -0.00536053
v -0.02638068 0.00178566 -0.01000000
v -0.02633917 0.00206407 -0.00536053
v 0.02638068 0.00178566 -0.00536053
v 0.02641181 0.00150939 -0.00536053
v 0.02644293 0.00119029 -0.01000000
v -0.02638068 0.00178566 -0.00536053
v -0.02644293 0.00119029 -0.01000000
v -0.02641699 0.00146656 -0.00536053
v 0.02644293 0.00119029 -0.00536053
v 0.02646369 0.00091402 -0.00536053
v 0.02648444 0.00059492 -0.01000000
v -0.02648444 0.00059492 -0.01000000
v -0.02646887 0.00087119 -0.00536053
v -0.02644293 0.00119029 -0.00536053
v 0.02648444 0.00059492 -0.00536053
v 0.02650000 0.00000169 -0.01000000
v -0.02650000 0.00000169 -0.01000000
v -0.02648444 0.00059492 -0.00536053
v 0.02650000 0.00000169 -0.00536053
v 0.02648444 -0.00059368 -0.01000000
v -0.02650000 0.00000169 -0.00536053
v -0.02648444 -0.00059368 -0.01000000
v 0.02648444 -0.00059368 -0.00536053
v 0.02646887 -0.00086995 -0.00536053
v 0.02644293 -0.00118905 -0.01000000
v -0.02648444 -0.00059368 -0.00536053
v -0.02644293 -0.00118905 -0.01000000
v -0.02646369 -0.00091278 -0.00536053
v 0.02644293 -0.00118905 -0.00536053
v 0.02641699 -0.00146532 -0.00536053
v 0.02638068 -0.00178442 -0.01000000
v -0.02641181 -0.00150815 -0.00536053
v -0.02644293 -0.00118905 -0.00536053
v -0.02638068 -0.00178442 -0.01000000
v 0.02638068 -0.00178442 -0.00536053
v 0.02633917 -0.00206069 -0.00536053
v 0.02628730 -0.00238193 -0.01000000
v -0.02638068 -0.00178442 -0.00536053
v -0.02628730 -0.00238193 -0.01000000
v 0.02628730 -0.00238193 -0.00536053
v 0.02618872 -0.00287665 -0.01000000
v -0.02628730 -0.00238193 -0.00536053
v -0.02618872 -0.00287665 -0.01000000
v -0.02622504 -0.00270318 -0.00536053
v 0.02618872 -0.00287665 -0.00536053
v -0.02618872 -0.00287665 -0.00536053
f 1 2 5
f 1 5 3
f 1 3 4
f 1 4 8
f 1 8 12
f 1 12 15
f 1 15 19
f 1 19 23
f 1 23 27
f 1 27 31
f 1 31 35
f 1 35 39
f 1 39 43
f 1 43 45
f 1 45 49
f 1 49 54
f 1 54 59
f 1 59 61
f 1 61 65
f 1 65 67
f 1 67 71
f 1 71 74
f 1 74 79
f 1 79 81
f 1 81 85
f 1 85 89
f 1 89 94
f 1 94 98
f 1 98 102
f 1 102 106
f 1 106 111
f 1 111 116
f 1 116 120
f 1 120 122
f 1 122 126
f 1 126 125
f 1 125 130
f 1 130 132
f 1 132 135
f 1 135 140
f 1 140 145
f 1 145 147
f 1 147 151
f 1 151 155
f 1 155 157
f 1 157 161
f 1 161 163
f 1 163 169
f 1 169 168
f 1 168 173
f 1 173 176
f 1 176 181
f 1 181 183
f 1 183 188
f 1 188 187
f 1 187 193
f 1 193 197
f 1 197 199
f 1 199 201
f 1 201 200
f 1 200 195
f 1 195 191
f 1 191 190
f 1 190 185
f 1 185 184
f 1 184 179
f 1 179 178
f 1 178 174
f 1 174 170
f 1 170 165
f 1 165 164
f 1 164 159
f 1 159 158
f 1 158 153
f 1 153 149
f 1 149 148
f 1 148 143
f 1 143 142
f 1 142 138
f 1 138 137
f 1 137 133
f 1 133 128
f 1 128 123
f 1 123 118
f 1 118 114
f 1 114 113
f 1 113 109
f 1 109 108
f 1 108 104
f 1 104 100
f 1 100 96
f 1 96 92
f 1 92 91
f 1 91 87
f 1 87 83
f 1 83 82
f 1 82 77
f 1 77 76
f 1 76 72
f 1 72 68
f 1 68 63
f 1 63 62
f 1 62 57
f 1 57 56
f 1 56 52
f 1 52 51
f 1 51 47
f 1 47 46
f 1 46 41
f 1 41 37
f 1 37 33
f 1 33 29
f 1 29 25
f 1 25 22
f 1 22 18
f 1 18 14
f 1 14 10
f 1 10 6
f 1 6 2
f 2 6 9
f 2 9 5
f 3 7 4
f 3 5 9
f 3 9 13
f 3 13 17
f 3 17 21
f 3 21 26
f 3 26 30
f 3 30 34
f 3 34 38
f 3 38 42
f 3 42 48
f 3 48 53
f 3 53 58
f 3 58 64
f 3 64 69
f 3 69 73
f 3 73 78
f 3 78 84
f 3 84 88
f 3 88 93
f 3 93 97
f 3 97 101
f 3 101 105
f 3 105 110
f 3 110 115
f 3 115 119
f 3 119 124
f 3 124 129
f 3 129 134
f 3 134 139
f 3 139 144
f 3 144 150
f 3 150 154
f 3 154 160
f 3 160 166
f 3 166 171
f 3 171 175
f 3 175 180
f 3 180 186
f 3 186 192
f 3 192 196
f 3 196 198
f 3 198 194
f 3 194 189
f 3 189 182
f 3 182 177
f 3 177 172
f 3 172 167
f 3 167 162
f 3 162 156
f 3 156 152
f 3 152 146
f 3 146 141
f 3 141 136
f 3 136 131
f 3 131 127
f 3 127 121
f 3 121 117
f 3 117 112
f 3 112 107
f 3 107 103
f 3 103 99
f 3 99 95
f 3 95 90
f 3 90 86
f 3 86 80
f 3 80 75
f 3 75 70
f 3 70 66
f 3 66 60
f 3 60 55
f 3 55 50
f 3 50 44
f 3 44 40
f 3 40 36
f 3 36 32
f 3 32 28
f 3 28 24
f 3 24 20
f 3 20 16
f 3 16 11
f 3 11 7
f 4 7 8
f 6 10 9
f 7 11 12
f 7 12 8
f 9 10 13
f 10 14 13
f 11 15 12
f 11 16 19
f 11 19 15
f 13 14 18
f 13 18 17
f 16 20 23
f 16 23 19
f 17 18 22
f 17 22 21
f 20 24 27
f 20 27 23
f 21 22 25
f 21 25 26
f 24 28 31
f 24 31 27
f 25 29 26
f 26 29 33
f 26 33 30
f 28 32 35
f 28 35 31
f 30 33 37
f 30 37 34
f 32 36 39
f 32 39 35
f 34 37 41
f 34 41 38
f 36 40 43
f 36 43 39
f 38 41 46
f 38 46 42
f 40 44 45
f 40 45 43
f 42 46 47
f 42 47 48
f 44 49 45
f 44 50 54
f 44 54 49
f 47 51 48
f 48 51 52
f 48 52 53
f 50 55 59
f 50 59 54
f 52 56 53
f 53 56 57
f 53 57 58
f 55 60 61
f 55 61 59
f 57 62 58
f 58 62 63
f 58 63 64
f 60 65 61
f 60 66 67
f 60 67 65
f 63 68 64
f 64 68 72
f 64 72 69
f 66 70 74
f 66 74 71
f 66 71 67
f 69 72 76
f 69 76 73
f 70 75 79
f 70 79 74
f 73 76 77
f 73 77 78
f 75 80 81
f 75 81 79
f 77 82 78
f 78 82 83
f 78 83 84
f 80 85 81
f 80 86 89
f 80 89 85
f 83 87 84
f 84 87 91
f 84 91 88
f 86 90 94
f 86 94 89
f 88 91 92
f 88 92 93
f 90 95 98
f 90 98 94
f 92 96 93
f 93 96 100
f 93 100 97
f 95 99 102
f 95 102 98
f 97 100 104
f 97 104 101
f 99 103 106
f 99 106 102
f 101 104 108
f 101 108 105
f 103 107 111
f 103 111 106
f 105 108 109
f 105 109 110
f 107 112 116
f 107 116 111
f 109 113 110
f 110 113 114
f 110 114 115
f 112 117 120
f 112 120 116
f 114 118 115
f 115 118 123
f 115 123 119
f 117 121 122
f 117 122 120
f 119 123 128
f 119 128 124
f 121 125 126
f 121 126 122
f 121 127 125
f 124 128 133
f 124 133 129
f 125 127 130
f 127 131 132
f 127 132 130
f 129 133 137
f 129 137 134
f 131 135 132
f 131 136 140
f 131 140 135
f 134 137 138
f 134 138 139
f 136 141 145
f 136 145 140
f 138 142 139
f 139 142 143
f 139 143 144
f 141 146 147
f 141 147 145
f 143 148 144
f 144 148 149
f 144 149 150
f 146 151 147
f 146 152 155
f 146 155 151
f 149 153 150
f 150 153 158
f 150 158 154
f 152 156 157
f 152 157 155
f 154 158 159
f 154 159 160
f 156 161 157
f 156 162 163
f 156 163 161
f 159 164 160
f 160 164 165
f 160 165 166
f 162 167 168
f 162 168 169
f 162 169 163
f 165 170 166
f 166 170 174
f 166 174 171
f 167 172 176
f 167 176 173
f 167 173 168
f 171 174 178
f 171 178 175
f 172 177 181
f 172 181 176
f 175 179 180
f 175 178 179
f 177 182 183
f 177 183 181
f 179 184 180
f 180 184 185
f 180 185 186
f 182 187 188
f 182 188 183
f 182 189 187
f 185 190 186
f 186 190 191
f 186 191 192
f 187 189 193
f 189 194 197
f 189 197 193
f 191 195 192
f 192 195 200
f 192 200 196
f 194 198 199
f 194 199 197
f 196 200 201
f 196 201 198
f 198 201 199

o geometry_1
v -0.00730806 0.01825551 -0.00536008
v -0.00730806 0.01825551 0.00000000
v -0.00632803 0.01845023 -0.00536008
v 0.00730806 0.01825551 -0.00536008
v -0.00632803 0.01845023 0.00000000
v 0.00730806 0.01825551 0.00000000
v -0.00561267 0.01856042 -0.00536008
v 0.00632803 0.01845023 -0.00536008
v -0.00478572 0.01868759 0.00000000
v 0.00632803 0.01845023 0.00000000
v -0.00478572 0.01868759 -0.00536008
v 0.00478572 0.01868759 -0.00536008
v -0.00320908 0.01886008 0.00000000
v 0.00478572 0.01868759 0.00000000
v -0.00320908 0.01886008 -0.00536008
v 0.00320908 0.01886008 -0.00536008
v -0.00160955 0.01896487 0.00000000
v 0.00320908 0.01886008 0.00000000
v -0.00160955 0.01896487 -0.00536008
v 0.00235209 0.01891627 -0.00536008
v 0.00000000 0.01899993 0.00000000
v 0.00160955 0.01896487 0.00000000
v 0.00000000 0.01899993 -0.00536008
v 0.00160955 0.01896487 -0.00536008
v 0.00074683 0.01898368 -0.00536008
f 202 203 206
f 202 206 204
f 202 204 208
f 202 208 212
f 202 212 216
f 202 216 220
f 202 220 224
f 202 224 226
f 202 226 225
f 202 225 221
f 202 221 217
f 202 217 213
f 202 213 209
f 202 209 205
f 202 205 207
f 202 207 203
f 203 207 211
f 203 211 215
f 203 215 219
f 203 219 223
f 203 223 222
f 203 222 218
f 203 218 214
f 203 214 210
f 203 210 206
f 204 206 208
f 205 209 211
f 205 211 207
f 206 210 208
f 208 210 212
f 209 213 215
f 209 215 211
f 210 214 216
f 210 216 212
f 213 217 219
f 213 219 215
f 214 218 220
f 214 220 216
f 217 221 219
f 218 222 224
f 218 224 220
f 219 221 223
f 221 225 223
f 222 223 226
f 222 226 224
f 223 225 226

o geometry_2
v 0.02533344 -0.00556819 0.00000000
v 0.02513010 -0.00602574 0.00000000
v 0.02533344 -0.00556819 -0.00222919
v -0.02533344 -0.00556819 0.00000000
v 0.02513010 -0.00602574 -0.00222919
v 0.02482260 -0.00664500 0.00000000
v 0.02489204 -0.00650695 -0.00222919
v -0.02532848 -0.00556819 -0.00222919
v -0.02529872 -0.00564050 -0.00222919
v -0.02518465 -0.00590609 -0.00222919
v -0.02513010 -0.00602574 0.00000000
v 0.02448039 -0.00726820 0.00000000
v 0.02455975 -0.00712884 -0.00222919
v 0.02475813 -0.00676464 -0.00222919
v 0.02482260 -0.00664500 -0.00222919
v -0.02513010 -0.00602574 -0.00222919
v -0.02488212 -0.00652535 -0.00222919
v -0.02482260 -0.00664500 0.00000000
v 0.02410347 -0.00789536 0.00000000
v 0.02441096 -0.00738916 -0.00222919
v 0.02448039 -0.00726820 -0.00222919
v -0.02482260 -0.00664500 -0.00222919
v -0.02474821 -0.00678305 -0.00222919
v -0.02454983 -0.00714724 -0.00222919
v -0.02448039 -0.00726820 0.00000000
v 0.02368190 -0.00852514 0.00000000
v 0.02377613 -0.00838445 -0.00222919
v 0.02410347 -0.00789536 -0.00222919
v -0.02448039 -0.00726820 -0.00222919
v -0.02417786 -0.00777440 -0.00222919
v -0.02410347 -0.00789536 0.00000000
v 0.02359263 -0.00864741 -0.00222919
v 0.02368190 -0.00852514 -0.00222919
v 0.02321571 -0.00915886 0.00000000
v -0.02410347 -0.00789536 -0.00222919
v -0.02368190 -0.00852514 0.00000000
v 0.02331986 -0.00901818 -0.00222919
v 0.02270487 -0.00979521 0.00000000
v 0.02281894 -0.00965322 -0.00222919
v 0.02321571 -0.00915886 -0.00222919
v -0.02368190 -0.00852514 -0.00222919
v -0.02357775 -0.00866713 -0.00222919
v -0.02321571 -0.00915886 0.00000000
v 0.02270487 -0.00979521 -0.00222919
v 0.02214444 -0.01043288 0.00000000
v -0.02321571 -0.00915886 -0.00222919
v -0.02280406 -0.00967294 -0.00222919
v -0.02270487 -0.00979521 0.00000000
v 0.02214444 -0.01043288 -0.00222919
v 0.02153441 -0.01107187 0.00000000
v -0.02270487 -0.00979521 -0.00222919
v -0.02258088 -0.00993721 -0.00222919
v -0.02225355 -0.01031061 -0.00222919
v -0.02214444 -0.01043288 0.00000000
v 0.02153441 -0.01107187 -0.00222919
v 0.02086983 -0.01170954 0.00000000
v 0.02101862 -0.01156754 -0.00222919
v -0.02214444 -0.01043288 -0.00222919
v -0.02201053 -0.01057619 -0.00222919
v -0.02153441 -0.01107187 0.00000000
v 0.02014574 -0.01234195 0.00000000
v 0.02086983 -0.01170954 -0.00222919
v -0.02165344 -0.01094828 -0.00222919
v -0.02099878 -0.01158595 -0.00222919
v -0.02086983 -0.01170954 0.00000000
v -0.02153441 -0.01107187 -0.00222919
v 0.01936213 -0.01297173 0.00000000
v 0.02014574 -0.01234195 -0.00222919
v -0.02086983 -0.01170954 -0.00222919
v -0.02028461 -0.01222099 -0.00222919
v -0.02014574 -0.01234195 0.00000000
v 0.01851404 -0.01359230 0.00000000
v 0.01936213 -0.01297173 -0.00222919
v -0.02014574 -0.01234195 -0.00222919
v -0.01936213 -0.01297173 0.00000000
v 0.01760148 -0.01420236 0.00000000
v 0.01780482 -0.01406694 -0.00222919
v 0.01851404 -0.01359230 -0.00222919
v -0.01936213 -0.01297173 -0.00222919
v -0.01917366 -0.01310978 -0.00222919
v -0.01851404 -0.01359230 0.00000000
v 0.01760148 -0.01420236 -0.00222919
v 0.01661949 -0.01479796 0.00000000
v -0.01867771 -0.01347266 -0.00222919
v -0.01851404 -0.01359230 -0.00222919
v -0.01831070 -0.01372904 -0.00222919
v -0.01760148 -0.01420236 0.00000000
v 0.01661949 -0.01479796 -0.00222919
v 0.01556806 -0.01537383 0.00000000
v 0.01641615 -0.01490971 -0.00222919
v -0.01760148 -0.01420236 -0.00222919
v -0.01661949 -0.01479796 0.00000000
v 0.01580116 -0.01524630 -0.00222919
v 0.01444720 -0.01592735 0.00000000
v 0.01556806 -0.01537383 -0.00222919
v -0.01661949 -0.01479796 -0.00222919
v -0.01577140 -0.01526339 -0.00222919
v -0.01556806 -0.01537383 0.00000000
v 0.01444720 -0.01592735 -0.00222919
v 0.01325195 -0.01645064 0.00000000
v 0.01351976 -0.01633494 -0.00222919
v -0.01556806 -0.01537383 -0.00222919
v -0.01444720 -0.01592735 0.00000000
v 0.01199222 -0.01694105 0.00000000
v 0.01227491 -0.01683193 -0.00222919
v 0.01325195 -0.01645064 -0.00222919
v -0.01444720 -0.01592735 -0.00222919
v -0.01348505 -0.01635071 -0.00222919
v -0.01325195 -0.01645064 0.00000000
v 0.01066306 -0.01739202 0.00000000
v 0.01199222 -0.01694105 -0.00222919
v -0.01325195 -0.01645064 -0.00222919
v -0.01297421 -0.01656108 -0.00222919
v -0.01199222 -0.01694105 0.00000000
v 0.01066306 -0.01739202 -0.00222919
v 0.00927438 -0.01779697 0.00000000
v 0.00958683 -0.01770625 -0.00222919
v -0.01199222 -0.01694105 -0.00222919
v -0.01169464 -0.01704229 -0.00222919
v -0.01092095 -0.01730525 -0.00222919
v -0.01066306 -0.01739202 0.00000000
v 0.00782619 -0.01815196 0.00000000
v 0.00899664 -0.01786534 -0.00222919
v 0.00927438 -0.01779697 -0.00222919
v -0.01066306 -0.01739202 -0.00222919
v -0.01035556 -0.01748274 -0.00222919
v -0.00927438 -0.01779697 0.00000000
v 0.00782619 -0.01815196 -0.00222919
v 0.00814856 -0.01807308 -0.00222919
v 0.00632840 -0.01844911 0.00000000
v 0.00666069 -0.01838337 -0.00222919
v -0.00954220 -0.01771940 -0.00222919
v -0.00927438 -0.01779697 -0.00222919
v -0.00782619 -0.01815196 0.00000000
v 0.00512819 -0.01863449 -0.00222919
v 0.00603083 -0.01849512 -0.00222919
v 0.00632840 -0.01844911 -0.00222919
v 0.00478102 -0.01868708 0.00000000
v -0.00782619 -0.01815196 -0.00222919
v -0.00661605 -0.01839257 -0.00222919
v -0.00632840 -0.01844911 0.00000000
v 0.00478102 -0.01868708 -0.00222919
v 0.00320884 -0.01885932 0.00000000
v 0.00356096 -0.01882119 -0.00222919
v -0.00632840 -0.01844911 -0.00222919
v -0.00598123 -0.01850301 -0.00222919
v -0.00478102 -0.01868708 0.00000000
v 0.00320884 -0.01885932 -0.00222919
v 0.00160690 -0.01896450 0.00000000
v -0.00508355 -0.01864106 -0.00222919
v -0.00478102 -0.01868708 -0.00222919
v -0.00443385 -0.01872521 -0.00222919
v -0.00351137 -0.01882645 -0.00222919
v -0.00320884 -0.01885932 0.00000000
v 0.00160690 -0.01896450 -0.00222919
v 0.00000000 -0.01900000 0.00000000
v -0.00320884 -0.01885932 -0.00222919
v -0.00285175 -0.01888298 -0.00222919
v -0.00160690 -0.01896450 0.00000000
v 0.00000000 -0.01900000 -0.00222919
v -0.00160690 -0.01896450 -0.00222919
f 227 228 231
f 227 231 229
f 227 229 234
f 227 234 230
f 227 230 237
f 227 237 244
f 227 244 251
f 227 251 257
f 227 257 262
f 227 262 269
f 227 269 274
f 227 274 280
f 227 280 286
f 227 286 291
f 227 291 297
f 227 297 301
f 227 301 307
f 227 307 313
f 227 313 318
f 227 318 324
f 227 324 329
f 227 329 335
f 227 335 340
f 227 340 347
f 227 347 353
f 227 353 360
f 227 360 367
f 227 367 373
f 227 373 380
f 227 380 385
f 227 385 382
f 227 382 375
f 227 375 369
f 227 369 364
f 227 364 356
f 227 356 348
f 227 348 342
f 227 342 336
f 227 336 330
f 227 330 326
f 227 326 320
f 227 320 315
f 227 315 309
f 227 309 302
f 227 302 298
f 227 298 293
f 227 293 287
f 227 287 282
f 227 282 276
f 227 276 271
f 227 271 264
f 227 264 260
f 227 260 252
f 227 252 245
f 227 245 238
f 227 238 232
f 227 232 228
f 228 232 233
f 228 233 231
f 229 231 233
f 229 233 241
f 229 241 240
f 229 240 239
f 229 239 247
f 229 247 246
f 229 246 254
f 229 254 253
f 229 253 259
f 229 259 258
f 229 258 263
f 229 263 266
f 229 266 265
f 229 265 270
f 229 270 275
f 229 275 281
f 229 281 283
f 229 283 288
f 229 288 294
f 229 294 299
f 229 299 304
f 229 304 303
f 229 303 308
f 229 308 314
f 229 314 316
f 229 316 319
f 229 319 321
f 229 321 325
f 229 325 327
f 229 327 332
f 229 332 331
f 229 331 337
f 229 337 341
f 229 341 343
f 229 343 350
f 229 350 349
f 229 349 355
f 229 355 354
f 229 354 357
f 229 357 363
f 229 363 362
f 229 362 361
f 229 361 368
f 229 368 370
f 229 370 374
f 229 374 381
f 229 381 386
f 229 386 387
f 229 387 384
f 229 384 383
f 229 383 379
f 229 379 378
f 229 378 377
f 229 377 376
f 229 376 372
f 229 372 371
f 229 371 366
f 229 366 365
f 229 365 359
f 229 359 358
f 229 358 352
f 229 352 351
f 229 351 346
f 229 346 345
f 229 345 344
f 229 344 339
f 229 339 338
f 229 338 334
f 229 334 333
f 229 333 328
f 229 328 323
f 229 323 322
f 229 322 317
f 229 317 312
f 229 312 311
f 229 311 310
f 229 310 306
f 229 306 305
f 229 305 300
f 229 300 296
f 229 296 295
f 229 295 290
f 229 290 292
f 229 292 289
f 229 289 285
f 229 285 284
f 229 284 279
f 229 279 278
f 229 278 277
f 229 277 273
f 229 273 272
f 229 272 268
f 229 268 267
f 229 267 261
f 229 261 256
f 229 256 255
f 229 255 250
f 229 250 249
f 229 249 248
f 229 248 243
f 229 243 242
f 229 242 236
f 229 236 235
f 229 235 234
f 230 234 235
f 230 235 236
f 230 236 237
f 232 238 239
f 232 239 240
f 232 240 241
f 232 241 233
f 236 242 237
f 237 243 244
f 237 242 243
f 238 245 246
f 238 246 247
f 238 247 239
f 243 248 244
f 244 248 249
f 244 249 250
f 244 250 251
f 245 252 253
f 245 253 254
f 245 254 246
f 250 255 251
f 251 256 257
f 251 255 256
f 252 258 259
f 252 259 253
f 252 260 258
f 256 261 257
f 257 261 267
f 257 267 262
f 258 260 263
f 260 264 265
f 260 265 266
f 260 266 263
f 262 267 268
f 262 268 269
f 264 270 265
f 264 271 275
f 264 275 270
f 268 272 269
f 269 273 274
f 269 272 273
f 271 276 281
f 271 281 275
f 273 277 274
f 274 277 278
f 274 278 279
f 274 279 280
f 276 282 283
f 276 283 281
f 279 284 280
f 280 284 285
f 280 285 286
f 282 287 294
f 282 294 288
f 282 288 283
f 285 289 286
f 286 290 291
f 286 289 292
f 286 292 290
f 287 293 299
f 287 299 294
f 290 295 291
f 291 295 296
f 291 296 297
f 293 298 304
f 293 304 299
f 296 300 297
f 297 300 305
f 297 305 301
f 298 302 303
f 298 303 304
f 301 305 306
f 301 306 307
f 302 308 303
f 302 309 314
f 302 314 308
f 306 310 307
f 307 310 311
f 307 311 312
f 307 312 313
f 309 315 316
f 309 316 314
f 312 317 313
f 313 317 322
f 313 322 318
f 315 319 316
f 315 320 325
f 315 325 321
f 315 321 319
f 318 322 323
f 318 323 324
f 320 326 327
f 320 327 325
f 323 328 324
f 324 328 333
f 324 333 329
f 326 330 331
f 326 331 332
f 326 332 327
f 329 334 335
f 329 333 334
f 330 336 341
f 330 341 337
f 330 337 331
f 334 338 335
f 335 338 339
f 335 339 340
f 336 342 343
f 336 343 341
f 339 344 340
f 340 345 346
f 340 346 347
f 340 344 345
f 342 348 349
f 342 349 350
f 342 350 343
f 346 351 347
f 347 351 352
f 347 352 353
f 348 354 355
f 348 355 349
f 348 356 357
f 348 357 354
f 352 358 353
f 353 358 359
f 353 359 365
f 353 365 360
f 356 361 362
f 356 362 363
f 356 363 357
f 356 364 361
f 360 366 367
f 360 365 366
f 361 364 368
f 364 369 370
f 364 370 368
f 366 371 367
f 367 371 372
f 367 372 373
f 369 374 370
f 369 375 381
f 369 381 374
f 372 376 373
f 373 377 378
f 373 378 379
f 373 379 380
f 373 376 377
f 375 382 386
f 375 386 381
f 379 383 380
f 380 383 384
f 380 384 385
f 382 385 387
f 382 387 386
f 384 387 385

o geometry_3
v 0.02619206 -0.00287879 -0.00536041
v 0.02602285 -0.00358575 -0.00536041
v 0.02617667 -0.00295611 -0.00880750
v 0.02619206 -0.00287879 -0.00880750
v -0.02619206 -0.00287879 -0.00536041
v 0.02604336 -0.00350211 -0.00880750
v 0.02594080 -0.00386664 -0.00536041
v 0.02600233 -0.00365676 -0.00880750
v 0.02602285 -0.00358575 -0.00880750
v -0.02619206 -0.00287879 -0.00880750
v -0.02617667 -0.00295611 -0.00880750
v -0.02615104 -0.00306657 -0.00880750
v -0.02602285 -0.00358575 -0.00536041
v 0.02584338 -0.00419014 -0.00536041
v 0.02582287 -0.00426273 -0.00880750
v -0.02602285 -0.00358575 -0.00880750
v -0.02584338 -0.00419014 -0.00536041
v 0.02575108 -0.00447260 -0.00536041
v 0.02566904 -0.00471404 -0.00880750
v -0.02584338 -0.00419014 -0.00880750
v -0.02581774 -0.00427377 -0.00880750
v -0.02573570 -0.00451679 -0.00536041
v 0.02563827 -0.00479768 -0.00536041
v 0.02561263 -0.00487185 -0.00880750
v -0.02566391 -0.00472509 -0.00880750
v -0.02563827 -0.00479768 -0.00536041
v 0.02553059 -0.00508173 -0.00536041
v 0.02540240 -0.00540996 -0.00536041
v 0.02540240 -0.00540996 -0.00880750
v -0.02563827 -0.00479768 -0.00880750
v -0.02560750 -0.00488289 -0.00880750
v -0.02540240 -0.00540996 -0.00536041
v 0.02513063 -0.00602539 -0.00536041
v 0.02513063 -0.00602539 -0.00880750
v -0.02540240 -0.00540996 -0.00880750
v -0.02513063 -0.00602539 -0.00536041
v 0.02509474 -0.00609956 -0.00880750
v 0.02482297 -0.00664398 -0.00536041
v 0.02486912 -0.00655877 -0.00880750
v -0.02513063 -0.00602539 -0.00880750
v -0.02508961 -0.00611061 -0.00880750
v -0.02496655 -0.00635678 -0.00536041
v 0.02448455 -0.00726731 -0.00536041
v 0.02482297 -0.00664398 -0.00880750
v -0.02482297 -0.00664398 -0.00880750
v -0.02482297 -0.00664398 -0.00536041
v 0.02409997 -0.00789536 -0.00536041
v 0.02415638 -0.00780857 -0.00880750
v 0.02448455 -0.00726731 -0.00880750
v -0.02477682 -0.00673077 -0.00880750
v -0.02464351 -0.00697852 -0.00536041
v 0.02405383 -0.00796953 -0.00880750
v 0.02390512 -0.00818730 -0.00536041
v 0.02374104 -0.00843821 -0.00880750
v -0.02452557 -0.00719314 -0.00880750
v -0.02448455 -0.00726731 -0.00536041
v 0.02367951 -0.00852500 -0.00536041
v 0.02367951 -0.00852500 -0.00880750
v -0.02448455 -0.00726731 -0.00880750
v -0.02427944 -0.00760343 -0.00536041
v 0.02321802 -0.00915937 -0.00536041
v 0.02321802 -0.00915937 -0.00880750
v -0.02409997 -0.00789536 -0.00880750
v -0.02409997 -0.00789536 -0.00536041
v 0.02270525 -0.00979532 -0.00536041
v 0.02277704 -0.00970853 -0.00880750
v -0.02404357 -0.00798216 -0.00880750
v -0.02373078 -0.00845083 -0.00880750
v -0.02367951 -0.00852500 -0.00536041
v 0.02214634 -0.01043284 -0.00536041
v 0.02222325 -0.01034605 -0.00880750
v 0.02270525 -0.00979532 -0.00880750
v -0.02367951 -0.00852500 -0.00880750
v -0.02361798 -0.00861337 -0.00880750
v -0.02343338 -0.00886586 -0.00536041
v 0.02214634 -0.01043284 -0.00880750
v 0.02153615 -0.01107037 -0.00536041
v 0.02207455 -0.01051017 -0.00880750
v -0.02321802 -0.00915937 -0.00880750
v -0.02321802 -0.00915937 -0.00536041
v 0.02086955 -0.01170790 -0.00536041
v 0.02153615 -0.01107037 -0.00880750
v -0.02276678 -0.00971957 -0.00880750
v -0.02270525 -0.00979532 -0.00536041
v 0.02014655 -0.01234227 -0.00536041
v 0.02086955 -0.01170790 -0.00880750
v -0.02270525 -0.00979532 -0.00880750
v -0.02262834 -0.00988369 -0.00880750
v -0.02214634 -0.01043284 -0.00536041
v 0.01978249 -0.01263420 -0.00536041
v 0.01946970 -0.01288511 -0.00880750
v 0.02014655 -0.01234227 -0.00880750
v -0.02221300 -0.01035710 -0.00880750
v -0.02153615 -0.01107037 -0.00536041
v -0.02214634 -0.01043284 -0.00880750
v 0.01936202 -0.01297033 -0.00536041
v 0.01936202 -0.01297033 -0.00880750
v -0.02153615 -0.01107037 -0.00880750
v -0.02144385 -0.01115874 -0.00880750
v -0.02086955 -0.01170790 -0.00536041
v 0.01896719 -0.01325911 -0.00536041
v 0.01862877 -0.01350686 -0.00880750
v -0.02086955 -0.01170790 -0.00880750
v -0.02014655 -0.01234227 -0.00536041
v 0.01851083 -0.01359207 -0.00536041
v 0.01851083 -0.01359207 -0.00880750
v -0.02014655 -0.01234227 -0.00880750
v -0.02003887 -0.01242906 -0.00880750
v -0.01936202 -0.01297033 -0.00536041
v 0.01809036 -0.01387612 -0.00536041
v 0.01840315 -0.01366466 -0.00880750
v -0.01936202 -0.01297033 -0.00880750
v -0.01924409 -0.01305712 -0.00880750
v -0.01861338 -0.01351790 -0.00880750
v -0.01851083 -0.01359207 -0.00536041
v 0.01759811 -0.01420277 -0.00536041
v 0.01772630 -0.01411914 -0.00880750
v -0.01851083 -0.01359207 -0.00880750
v -0.01838777 -0.01367571 -0.00880750
v -0.01802370 -0.01391872 -0.00536041
v 0.01661873 -0.01479769 -0.00536041
v 0.01759811 -0.01420277 -0.00880750
v -0.01759811 -0.01420277 -0.00880750
v -0.01759811 -0.01420277 -0.00536041
v 0.01661873 -0.01479769 -0.00880750
v 0.01556756 -0.01537367 -0.00536041
v -0.01746479 -0.01428483 -0.00880750
v -0.01707509 -0.01452154 -0.00536041
v 0.01556756 -0.01537367 -0.00880750
v 0.01444460 -0.01592756 -0.00536041
v 0.01543424 -0.01543995 -0.00880750
v -0.01673666 -0.01472668 -0.00880750
v -0.01661873 -0.01479769 -0.00536041
v 0.01444460 -0.01592756 -0.00880750
v 0.01325499 -0.01645147 -0.00536041
v -0.01661873 -0.01479769 -0.00880750
v -0.01647515 -0.01487659 -0.00880750
v -0.01605468 -0.01510699 -0.00536041
v 0.01325499 -0.01645147 -0.00880750
v 0.01267043 -0.01667871 -0.00536041
v 0.01216792 -0.01687439 -0.00880750
v -0.01556756 -0.01537367 -0.00880750
v -0.01556756 -0.01537367 -0.00536041
v 0.01199358 -0.01694066 -0.00536041
v 0.01199358 -0.01694066 -0.00880750
v -0.01541373 -0.01545100 -0.00880750
v -0.01496762 -0.01567034 -0.00536041
v 0.01137826 -0.01715054 -0.00536041
v 0.01085012 -0.01733044 -0.00880750
v -0.01444460 -0.01592756 -0.00536041
v -0.01444460 -0.01592756 -0.00880750
v 0.01066552 -0.01739198 -0.00536041
v 0.01066552 -0.01739198 -0.00880750
v -0.01380877 -0.01620845 -0.00536041
v -0.01325499 -0.01645147 -0.00880750
v 0.00927593 -0.01779754 -0.00536041
v 0.00927593 -0.01779754 -0.00880750
v -0.01325499 -0.01645147 -0.00536041
v -0.01308065 -0.01651933 -0.00880750
v 0.00860420 -0.01796165 -0.00536041
v 0.00782480 -0.01815102 -0.00880750
v -0.01199358 -0.01694066 -0.00536041
v -0.01199358 -0.01694066 -0.00880750
v 0.00782480 -0.01815102 -0.00536041
v 0.00764533 -0.01818731 -0.00880750
v -0.01180899 -0.01700378 -0.00880750
v -0.01066552 -0.01739198 -0.00536041
v 0.00632753 -0.01844927 -0.00536041
v 0.00632753 -0.01844927 -0.00880750
v -0.01082448 -0.01733833 -0.00880750
v -0.01066552 -0.01739198 -0.00880750
v -0.00927593 -0.01779754 -0.00536041
v 0.00478410 -0.01868755 -0.00536041
v 0.00478410 -0.01868755 -0.00880750
v -0.00927593 -0.01779754 -0.00880750
v -0.00907595 -0.01784646 -0.00880750
v -0.00782480 -0.01815102 -0.00536041
v 0.00320478 -0.01885955 -0.00536041
v 0.00342527 -0.01883588 -0.00880750
v -0.00782480 -0.01815102 -0.00880750
v -0.00761969 -0.01819205 -0.00880750
v -0.00650699 -0.01841455 -0.00880750
v -0.00632753 -0.01844927 -0.00536041
v 0.00320478 -0.01885955 -0.00880750
v 0.00246640 -0.01890847 -0.00536041
v 0.00301506 -0.01887218 -0.00880750
v -0.00632753 -0.01844927 -0.00880750
v -0.00496870 -0.01865914 -0.00880750
v -0.00478410 -0.01868755 -0.00536041
v 0.00161008 -0.01896370 -0.00536041
v 0.00183057 -0.01894950 -0.00880750
v -0.00478410 -0.01868755 -0.00880750
v -0.00456874 -0.01871122 -0.00880750
v -0.00320478 -0.01885955 -0.00536041
v 0.00086145 -0.01898106 -0.00536041
v 0.00141523 -0.01896844 -0.00880750
v 0.00161008 -0.01896370 -0.00880750
v -0.00339451 -0.01883904 -0.00880750
v -0.00298942 -0.01887376 -0.00880750
v -0.00161008 -0.01896370 -0.00536041
v -0.00320478 -0.01885955 -0.00880750
v 0.00000000 -0.01900000 -0.00536041
v 0.00000000 -0.01900000 -0.00880750
v -0.00161008 -0.01896370 -0.00880750
f 388 389 390
f 388 390 391
f 388 391 397
f 388 397 392
f 388 392 400
f 388 400 404
f 388 404 409
f 388 409 413
f 388 413 419
f 388 419 423
f 388 423 429
f 388 429 433
f 388 433 438
f 388 438 443
f 388 443 447
f 388 447 451
f 388 451 456
f 388 456 462
f 388 462 467
f 388 467 471
f 388 471 476
f 388 476 481
f 388 481 487
f 388 487 491
f 388 491 496
f 388 496 502
f 388 502 507
f 388 507 511
f 388 511 515
f 388 515 520
f 388 520 525
f 388 525 530
f 388 530 534
f 388 534 537
f 388 537 541
f 388 541 545
f 388 545 549
f 388 549 554
f 388 554 559
f 388 559 564
f 388 564 570
f 388 570 576
f 388 576 581
f 388 581 587
f 388 587 589
f 388 589 582
f 388 582 577
f 388 577 572
f 388 572 565
f 388 565 560
f 388 560 555
f 388 555 551
f 388 551 547
f 388 547 543
f 388 543 539
f 388 539 535
f 388 535 531
f 388 531 527
f 388 527 522
f 388 522 517
f 388 517 513
f 388 513 508
f 388 508 503
f 388 503 497
f 388 497 492
f 388 492 488
f 388 488 483
f 388 483 477
f 388 477 472
f 388 472 468
f 388 468 464
f 388 464 457
f 388 457 452
f 388 452 448
f 388 448 444
f 388 444 440
f 388 440 434
f 388 434 430
f 388 430 425
f 388 425 420
f 388 420 415
f 388 415 414
f 388 414 410
f 388 410 405
f 388 405 401
f 388 401 394
f 388 394 389
f 389 393 390
f 389 394 395
f 389 395 396
f 389 396 393
f 390 393 396
f 390 396 395
f 390 395 402
f 390 402 406
f 390 406 411
f 390 411 416
f 390 416 421
f 390 421 424
f 390 424 426
f 390 426 431
f 390 431 436
f 390 436 435
f 390 435 439
f 390 439 441
f 390 441 445
f 390 445 449
f 390 449 453
f 390 453 459
f 390 459 458
f 390 458 463
f 390 463 465
f 390 465 469
f 390 469 473
f 390 473 479
f 390 479 478
f 390 478 484
f 390 484 489
f 390 489 493
f 390 493 498
f 390 498 504
f 390 504 509
f 390 509 512
f 390 512 516
f 390 516 518
f 390 518 521
f 390 521 526
f 390 526 528
f 390 528 532
f 390 532 536
f 390 536 540
f 390 540 544
f 390 544 548
f 390 548 552
f 390 552 556
f 390 556 561
f 390 561 566
f 390 566 571
f 390 571 573
f 390 573 578
f 390 578 584
f 390 584 583
f 390 583 590
f 390 590 591
f 390 591 586
f 390 586 588
f 390 588 585
f 390 585 580
f 390 580 579
f 390 579 575
f 390 575 574
f 390 574 569
f 390 569 568
f 390 568 567
f 390 567 563
f 390 563 562
f 390 562 558
f 390 558 557
f 390 557 553
f 390 553 550
f 390 550 546
f 390 546 542
f 390 542 538
f 390 538 533
f 390 533 529
f 390 529 524
f 390 524 523
f 390 523 519
f 390 519 514
f 390 514 510
f 390 510 506
f 390 506 505
f 390 505 501
f 390 501 500
f 390 500 499
f 390 499 495
f 390 495 494
f 390 494 490
f 390 490 486
f 390 486 485
f 390 485 482
f 390 482 480
f 390 480 475
f 390 475 474
f 390 474 470
f 390 470 466
f 390 466 461
f 390 461 460
f 390 460 455
f 390 455 454
f 390 454 450
f 390 450 446
f 390 446 442
f 390 442 437
f 390 437 432
f 390 432 428
f 390 428 427
f 390 427 422
f 390 422 418
f 390 418 417
f 390 417 412
f 390 412 408
f 390 408 407
f 390 407 403
f 390 403 399
f 390 399 398
f 390 398 397
f 390 397 391
f 392 397 398
f 392 398 399
f 392 399 400
f 394 401 402
f 394 402 395
f 399 403 400
f 400 403 407
f 400 407 404
f 401 405 402
f 402 405 406
f 404 407 408
f 404 408 409
f 405 410 406
f 406 410 411
f 408 412 409
f 409 412 413
f 410 414 411
f 411 414 415
f 411 415 416
f 412 417 413
f 413 418 419
f 413 417 418
f 415 420 421
f 415 421 416
f 418 422 419
f 419 422 427
f 419 427 423
f 420 424 421
f 420 425 426
f 420 426 424
f 423 427 428
f 423 428 429
f 425 430 436
f 425 436 431
f 425 431 426
f 428 432 433
f 428 433 429
f 430 434 435
f 430 435 436
f 432 437 433
f 433 437 438
f 434 439 435
f 434 440 441
f 434 441 439
f 437 442 438
f 438 442 443
f 440 444 441
f 441 444 445
f 442 446 443
f 443 446 447
f 444 448 449
f 444 449 445
f 446 450 447
f 447 450 451
f 448 452 453
f 448 453 449
f 450 454 451
f 451 454 455
f 451 455 456
f 452 457 458
f 452 458 459
f 452 459 453
f 455 460 456
f 456 460 461
f 456 461 462
f 457 463 458
f 457 464 465
f 457 465 463
f 461 466 462
f 462 466 467
f 464 468 473
f 464 473 469
f 464 469 465
f 466 470 467
f 467 470 471
f 468 472 479
f 468 479 473
f 470 474 471
f 471 474 475
f 471 475 476
f 472 477 478
f 472 478 479
f 475 480 476
f 476 480 482
f 476 482 485
f 476 485 481
f 477 483 478
f 478 483 484
f 481 485 486
f 481 486 487
f 483 488 489
f 483 489 484
f 486 490 487
f 487 490 494
f 487 494 491
f 488 492 489
f 489 492 493
f 491 494 495
f 491 495 496
f 492 497 493
f 493 497 498
f 495 499 496
f 496 499 500
f 496 500 501
f 496 501 502
f 497 503 504
f 497 504 498
f 501 505 502
f 502 505 506
f 502 506 507
f 503 508 512
f 503 512 509
f 503 509 504
f 506 510 507
f 507 510 511
f 508 513 516
f 508 516 512
f 510 514 511
f 511 514 515
f 513 517 518
f 513 518 516
f 514 519 515
f 515 519 520
f 517 521 518
f 517 522 526
f 517 526 521
f 519 523 520
f 520 523 524
f 520 524 525
f 522 527 528
f 522 528 526
f 524 529 525
f 525 529 530
f 527 531 528
f 528 531 532
f 529 533 530
f 530 533 534
f 531 535 532
f 532 535 536
f 533 537 534
f 533 538 537
f 535 539 536
f 536 539 540
f 537 538 541
f 538 542 541
f 539 543 544
f 539 544 540
f 541 542 545
f 542 546 545
f 543 547 544
f 544 547 548
f 545 546 549
f 546 550 549
f 547 551 548
f 548 551 552
f 549 550 553
f 549 553 554
f 551 555 552
f 552 555 556
f 553 557 554
f 554 557 558
f 554 558 562
f 554 562 559
f 555 560 561
f 555 561 556
f 559 562 563
f 559 563 564
f 560 565 566
f 560 566 561
f 563 567 564
f 564 567 568
f 564 568 569
f 564 569 570
f 565 571 566
f 565 572 573
f 565 573 571
f 569 574 570
f 570 575 576
f 570 574 575
f 572 577 578
f 572 578 573
f 575 579 576
f 576 579 580
f 576 580 581
f 577 582 583
f 577 583 584
f 577 584 578
f 580 585 581
f 581 586 587
f 581 585 588
f 581 588 586
f 582 589 590
f 582 590 583
f 586 591 587
f 587 591 590
f 587 590 589

o geometry_4
v 0.02533344 -0.00556819 -0.00536008
v 0.00782544 -0.01815196 -0.00536008
v -0.01557061 -0.01537417 -0.00536008
v -0.00478447 -0.01868708 -0.00536008
v -0.01066816 -0.01739163 -0.00536008
v -0.01325765 -0.01645117 -0.00536008
v -0.01444945 -0.01592738 -0.00536008
v -0.01444945 -0.01592738 -0.00222919
v -0.01325765 -0.01645117 -0.00222919
v -0.01557061 -0.01537417 -0.00222919
v -0.01662113 -0.01479742 -0.00222919
v -0.01662113 -0.01479742 -0.00536008
v -0.01707651 -0.01452199 -0.00536008
v -0.01681050 -0.01468325 -0.00222919
v -0.02153561 -0.01107206 -0.00222919
v -0.01936242 -0.01297182 -0.00222919
v -0.01851478 -0.01359212 -0.00222919
v -0.01760252 -0.01420301 -0.00222919
v -0.01760252 -0.01420301 -0.00536008
v -0.01851478 -0.01359212 -0.00536008
v -0.01936242 -0.01297182 -0.00536008
v -0.02014543 -0.01234210 -0.00536008
v -0.02153561 -0.01107206 -0.00536008
v -0.02086982 -0.01170767 -0.00536008
v -0.02086982 -0.01170767 -0.00222919
v -0.02014543 -0.01234210 -0.00222919
v -0.02214729 -0.01043293 -0.00536008
v -0.02270636 -0.00979497 -0.00536008
v -0.02270636 -0.00979497 -0.00222919
v -0.02321735 -0.00915936 -0.00536008
v -0.02368174 -0.00852493 -0.00536008
v -0.02368174 -0.00852493 -0.00222919
v -0.02321735 -0.00915936 -0.00222919
v -0.02214729 -0.01043293 -0.00222919
v -0.02533343 -0.00556819 -0.00222919
v -0.02448429 -0.00726785 -0.00222919
v -0.02410406 -0.00789521 -0.00222919
v -0.02410406 -0.00789521 -0.00536008
v -0.02448429 -0.00726785 -0.00536008
v -0.02533192 -0.00556819 -0.00536008
v -0.02482695 -0.00664401 -0.00536008
v -0.02513204 -0.00602489 -0.00536008
v -0.02513204 -0.00602489 -0.00222919
v -0.02482695 -0.00664401 -0.00222919
v 0.02533344 -0.00556819 -0.00222919
v 0.02512949 -0.00602574 -0.00536008
v 0.02482531 -0.00664500 -0.00536008
v 0.02482531 -0.00664500 -0.00222919
v 0.02448310 -0.00726820 -0.00222919
v 0.02512949 -0.00602574 -0.00222919
v 0.02368115 -0.00852514 -0.00222919
v 0.02410287 -0.00789536 -0.00222919
v 0.02410287 -0.00789536 -0.00536008
v 0.02368115 -0.00852514 -0.00536008
v 0.02321796 -0.00915886 -0.00536008
v 0.02321796 -0.00915886 -0.00222919
v 0.02270637 -0.00979521 -0.00222919
v 0.02153456 -0.01107187 -0.00222919
v 0.02214639 -0.01043288 -0.00222919
v 0.02270637 -0.00979521 -0.00536008
v 0.02214639 -0.01043288 -0.00536008
v 0.02186295 -0.01073002 -0.00536008
v 0.02153456 -0.01107187 -0.00536008
v 0.02086743 -0.01170954 -0.00536008
v 0.02086743 -0.01170954 -0.00222919
v 0.02072916 -0.01183181 -0.00222919
v 0.01953661 -0.01283104 -0.00222919
v 0.02014498 -0.01234195 -0.00222919
v 0.02014498 -0.01234195 -0.00536008
v 0.01936032 -0.01297173 -0.00536008
v 0.01936032 -0.01297173 -0.00222919
v 0.01851344 -0.01359230 -0.00222919
v 0.01556836 -0.01537383 -0.00222919
v 0.01661919 -0.01479796 -0.00222919
v 0.01760088 -0.01420236 -0.00222919
v 0.01851344 -0.01359230 -0.00536008
v 0.01760088 -0.01420236 -0.00536008
v 0.01661919 -0.01479796 -0.00536008
v 0.01556836 -0.01537383 -0.00536008
v 0.01325586 -0.01645064 -0.00536008
v 0.01444495 -0.01592735 -0.00536008
v 0.01325586 -0.01645064 -0.00222919
v 0.01199417 -0.01694105 -0.00222919
v 0.01444495 -0.01592735 -0.00222919
v 0.00782544 -0.01815196 -0.00222919
v 0.00927378 -0.01779697 -0.00222919
v 0.01066682 -0.01739202 -0.00222919
v 0.01066682 -0.01739202 -0.00536008
v 0.00927378 -0.01779697 -0.00536008
v 0.01199417 -0.01694105 -0.00536008
v 0.02448310 -0.00726820 -0.00536008
v 0.00632870 -0.01844911 -0.00536008
v 0.00478703 -0.01868708 -0.00536008
v 0.00513270 -0.01863449 -0.00222919
v 0.00478703 -0.01868708 -0.00222919
v 0.00356337 -0.01882119 -0.00222919
v 0.00632870 -0.01844911 -0.00222919
v 0.00000301 -0.01900000 -0.00222919
v 0.00161382 -0.01896450 -0.00222919
v 0.00321079 -0.01885932 -0.00222919
v 0.00321079 -0.01885932 -0.00536008
v 0.00161382 -0.01896450 -0.00536008
v 0.00000301 -0.01900000 -0.00536008
v -0.00160779 -0.01896450 -0.00536008
v -0.00160779 -0.01896450 -0.00222919
v -0.00320823 -0.01885932 -0.00536008
v -0.00351241 -0.01882645 -0.00222919
v -0.00320823 -0.01885932 -0.00222919
v -0.00782633 -0.01815196 -0.00222919
v -0.00598393 -0.01850301 -0.00222919
v -0.00478447 -0.01868708 -0.00222919
v -0.00632614 -0.01844911 -0.00536008
v -0.00782633 -0.01815196 -0.00536008
v -0.00632614 -0.01844911 -0.00222919
v -0.00927467 -0.01779697 -0.00222919
v -0.00927467 -0.01779697 -0.00536008
v -0.00998133 -0.01759291 -0.00536008
v -0.00998133 -0.01759291 -0.00222919
v -0.01066816 -0.01739163 -0.00222919
v -0.01199672 -0.01694200 -0.00222919
v -0.01199672 -0.01694200 -0.00536008
f 593 594 592
f 595 594 593
f 596 594 595
f 597 594 596
f 598 594 597
f 598 599 594
f 598 597 599
f 599 597 600
f 599 600 601
f 599 601 594
f 602 594 601
f 603 594 602
f 603 604 594
f 603 605 604
f 603 602 605
f 602 601 605
f 605 601 606
f 607 605 606
f 608 605 607
f 609 605 608
f 609 604 605
f 609 610 604
f 609 608 610
f 608 611 610
f 608 612 611
f 608 607 612
f 612 607 613
f 612 613 611
f 613 614 611
f 615 614 613
f 615 606 614
f 616 606 615
f 616 617 606
f 616 613 617
f 616 615 613
f 617 613 607
f 617 607 606
f 618 614 606
f 618 619 614
f 620 619 618
f 621 619 620
f 621 622 619
f 621 623 622
f 624 623 621
f 624 620 623
f 624 621 620
f 620 606 623
f 625 606 620
f 625 618 606
f 625 620 618
f 623 606 626
f 627 623 626
f 628 623 627
f 628 629 623
f 628 627 629
f 629 627 630
f 629 630 622
f 629 622 623
f 630 631 622
f 632 631 630
f 633 631 632
f 633 626 631
f 634 626 633
f 634 635 626
f 634 633 635
f 633 632 635
f 635 632 627
f 635 627 626
f 632 630 627
f 631 626 592
f 631 592 594
f 614 631 594
f 622 631 614
f 619 622 614
f 611 614 594
f 604 611 594
f 610 611 604
f 636 592 626
f 637 592 636
f 637 638 592
f 639 638 637
f 639 640 638
f 639 636 640
f 641 636 639
f 641 637 636
f 641 639 637
f 640 636 642
f 643 640 642
f 643 644 640
f 643 642 644
f 645 644 642
f 645 646 644
f 647 646 645
f 647 648 646
f 647 642 648
f 647 645 642
f 648 642 649
f 650 648 649
f 650 651 648
f 652 651 650
f 652 653 651
f 652 650 653
f 650 649 653
f 654 653 649
f 654 655 653
f 654 649 655
f 656 655 649
f 656 657 655
f 656 649 657
f 657 649 658
f 659 657 658
f 660 657 659
f 660 655 657
f 660 661 655
f 660 658 661
f 660 659 658
f 662 661 658
f 662 663 661
f 662 658 663
f 658 649 663
f 663 649 664
f 665 663 664
f 666 663 665
f 666 667 663
f 668 667 666
f 668 669 667
f 668 666 669
f 666 665 669
f 669 665 670
f 669 670 667
f 670 671 667
f 672 671 670
f 673 671 672
f 673 674 671
f 673 664 674
f 675 664 673
f 675 672 664
f 675 673 672
f 672 670 664
f 665 664 670
f 674 664 676
f 677 674 676
f 678 674 677
f 678 679 674
f 678 677 679
f 677 680 679
f 677 676 680
f 680 676 593
f 680 593 679
f 679 593 671
f 681 679 671
f 681 674 679
f 681 671 674
f 671 593 667
f 667 593 592
f 651 667 592
f 655 667 651
f 661 667 655
f 661 663 667
f 653 655 651
f 644 651 592
f 646 651 644
f 646 648 651
f 638 644 592
f 682 644 638
f 682 640 644
f 682 638 640
f 683 593 676
f 683 684 593
f 685 684 683
f 686 684 685
f 686 687 684
f 686 685 687
f 685 676 687
f 688 676 685
f 688 683 676
f 688 685 683
f 687 676 689
f 690 687 689
f 691 687 690
f 691 692 687
f 691 690 692
f 690 693 692
f 690 689 693
f 694 693 689
f 694 695 693
f 694 689 695
f 696 695 689
f 697 695 696
f 697 595 695
f 697 698 595
f 699 698 697
f 699 696 698
f 699 697 696
f 696 689 698
f 698 689 700
f 701 698 700
f 702 698 701
f 702 595 698
f 702 701 595
f 703 595 701
f 703 704 595
f 703 705 704
f 703 701 705
f 705 701 700
f 704 705 700
f 706 704 700
f 707 704 706
f 707 708 704
f 707 706 708
f 708 706 709
f 708 709 596
f 708 596 704
f 704 596 595
f 710 596 709
f 710 711 596
f 710 709 711
f 709 700 711
f 706 700 709
f 711 700 601
f 600 711 601
f 597 711 600
f 712 711 597
f 712 596 711
f 712 597 596
f 700 689 601
f 601 689 626
f 606 601 626
f 636 626 689
f 664 636 689
f 649 636 664
f 642 636 649
f 676 664 689
f 695 595 693
f 693 595 593
f 684 693 593
f 692 693 684
f 687 692 684

o geometry_5
v 0.02533271 -0.00556819 -0.00000022
v 0.02602271 -0.00358407 -0.00000022
v 0.02638068 -0.00178586 -0.00000022
v 0.02616797 -0.00298236 -0.00000022
v 0.02628730 -0.00238254 -0.00000022
v 0.02638068 -0.00178586 -0.00222159
v 0.02628730 -0.00238254 -0.00222159
v 0.02616797 -0.00298236 -0.00222159
v 0.02602271 -0.00358407 -0.00222159
v 0.02533271 -0.00556819 -0.00222159
v 0.02537422 -0.00547461 -0.00222159
v 0.02540016 -0.00540866 -0.00000022
v 0.02563880 -0.00479753 -0.00000022
v 0.02563880 -0.00479753 -0.00222159
v 0.02584632 -0.00418892 -0.00000022
v 0.02584632 -0.00418892 -0.00222159
v -0.02533271 -0.00556819 -0.00222159
v 0.02646887 0.00084833 -0.00222159
v 0.02648962 -0.00046248 -0.00222159
v 0.02644293 -0.00118981 -0.00222159
v 0.02644293 -0.00118981 -0.00000022
v 0.02647925 -0.00070932 -0.00222159
v 0.02648444 -0.00059501 -0.00000022
v 0.02650000 -0.00000021 -0.00000022
v 0.02648444 0.00059396 -0.00000022
v 0.02650000 -0.00000021 -0.00222159
v 0.02648444 0.00059396 -0.00222159
v 0.02647036 0.00084833 -0.00000022
v 0.02644445 0.00118952 -0.00222159
v 0.02644445 0.00118952 -0.00000022
v 0.02638227 0.00178538 -0.00222159
v 0.02624753 0.00258853 -0.00222159
v 0.02628899 0.00238293 -0.00222159
v 0.02628899 0.00238293 -0.00000022
v 0.02638227 0.00178538 -0.00000022
v 0.02624753 0.00258853 -0.00000022
v -0.02624753 0.00258853 -0.00222159
v -0.02638068 -0.00178586 -0.00222159
v -0.02648962 0.00046206 -0.00222159
v -0.02638227 0.00178538 -0.00222159
v -0.02628899 0.00238293 -0.00222159
v -0.02624753 0.00258853 -0.00000022
v -0.02628899 0.00238293 -0.00000022
v -0.02638227 0.00178538 -0.00000022
v -0.02644445 0.00118952 -0.00000022
v -0.02650000 -0.00000021 -0.00000022
v -0.02648444 0.00059396 -0.00000022
v -0.02647925 0.00070890 -0.00222159
v -0.02644445 0.00118952 -0.00222159
v -0.02647036 0.00084833 -0.00000022
v -0.02650000 -0.00000021 -0.00222159
v -0.02648444 -0.00059501 -0.00222159
v -0.02643256 -0.00132233 -0.00222159
v -0.02645331 -0.00107550 -0.00222159
v -0.02648444 -0.00059501 -0.00000022
v -0.02644293 -0.00118981 -0.00000022
v -0.02638068 -0.00178586 -0.00000022
v -0.02630805 -0.00226823 -0.00222159
v -0.02628730 -0.00238254 -0.00000022
v -0.02616797 -0.00298236 -0.00000022
v -0.02619391 -0.00286680 -0.00222159
v -0.02602271 -0.00358407 -0.00222159
v -0.02602271 -0.00358407 -0.00000022
v -0.02584632 -0.00418892 -0.00000022
v -0.02584632 -0.00418892 -0.00222159
v -0.02568030 -0.00468008 -0.00222159
v -0.02544685 -0.00529121 -0.00222159
v -0.02563880 -0.00479753 -0.00222159
v -0.02563880 -0.00479753 -0.00000022
v -0.02540016 -0.00540866 -0.00000022
v -0.02533271 -0.00556819 -0.00000022
v -0.02537422 -0.00547461 -0.00222159
f 714 715 713
f 716 715 714
f 717 715 716
f 717 718 715
f 719 718 717
f 719 720 718
f 719 716 720
f 719 717 716
f 720 716 721
f 720 721 718
f 721 722 718
f 723 722 721
f 723 713 722
f 724 713 723
f 724 725 713
f 726 725 724
f 726 727 725
f 728 727 726
f 728 721 727
f 728 726 721
f 726 723 721
f 726 724 723
f 727 721 714
f 727 714 725
f 725 714 713
f 716 714 721
f 722 713 729
f 722 729 730
f 718 722 730
f 731 718 730
f 732 718 731
f 732 733 718
f 734 733 732
f 734 735 733
f 734 731 735
f 734 732 731
f 736 735 731
f 736 737 735
f 738 737 736
f 739 737 738
f 739 740 737
f 739 730 740
f 739 738 730
f 738 731 730
f 738 736 731
f 741 740 730
f 741 742 740
f 741 743 742
f 741 730 743
f 743 730 744
f 745 743 744
f 746 743 745
f 746 747 743
f 746 748 747
f 746 745 748
f 745 744 748
f 744 749 748
f 744 730 749
f 749 730 729
f 750 749 729
f 751 749 750
f 752 749 751
f 753 749 752
f 753 754 749
f 755 754 753
f 755 756 754
f 755 753 756
f 753 752 756
f 756 752 757
f 756 757 754
f 757 758 754
f 759 758 757
f 759 751 758
f 760 751 759
f 760 761 751
f 760 762 761
f 760 759 762
f 762 759 757
f 761 762 757
f 761 757 752
f 761 752 751
f 763 758 751
f 763 764 758
f 763 751 764
f 764 751 750
f 765 764 750
f 766 764 765
f 766 767 764
f 768 767 766
f 768 769 767
f 768 765 769
f 768 766 765
f 769 765 750
f 770 769 750
f 771 769 770
f 771 772 769
f 771 773 772
f 771 770 773
f 770 750 773
f 773 750 774
f 773 774 772
f 775 772 774
f 775 776 772
f 775 774 776
f 777 776 774
f 777 778 776
f 777 774 778
f 778 774 729
f 779 778 729
f 780 778 779
f 780 781 778
f 780 779 781
f 782 781 779
f 782 783 781
f 782 784 783
f 782 779 784
f 784 779 729
f 784 729 783
f 783 729 713
f 783 713 758
f 772 783 758
f 776 783 772
f 781 783 776
f 781 776 778
f 769 772 758
f 767 769 758
f 767 758 764
f 748 758 713
f 754 758 748
f 754 748 749
f 715 748 713
f 737 748 715
f 747 748 737
f 742 747 737
f 742 743 747
f 740 742 737
f 735 737 715
f 733 735 715
f 733 715 718
f 774 750 729

o geometry_6
v 0.02619206 -0.00287879 -0.00880762
v 0.02617667 -0.00295617 -0.00880762
v 0.02619206 -0.00287879 -0.01000000
v -0.02619206 -0.00287879 -0.00880762
v 0.02604336 -0.00350174 -0.00880762
v 0.02602285 -0.00358484 -0.01000000
v -0.02619206 -0.00287879 -0.01000000
v -0.02617667 -0.00295617 -0.00880762
v 0.02602285 -0.00358484 -0.00880762
v 0.02600233 -0.00365677 -0.00880762
v 0.02586902 -0.00410626 -0.00880762
v 0.02582287 -0.00426181 -0.00880762
v 0.02584338 -0.00418962 -0.01000000
v -0.02602285 -0.00358484 -0.01000000
v -0.02615104 -0.00306575 -0.00880762
v 0.02566904 -0.00471364 -0.00880762
v 0.02563827 -0.00479751 -0.01000000
v -0.02584338 -0.00418962 -0.01000000
v -0.02602285 -0.00358484 -0.00880762
v 0.02561263 -0.00487048 -0.00880762
v 0.02540240 -0.00540904 -0.01000000
v -0.02563827 -0.00479751 -0.01000000
v -0.02581774 -0.00427323 -0.00880762
v -0.02584338 -0.00418962 -0.00880762
v 0.02540240 -0.00540904 -0.00880762
v 0.02534599 -0.00553135 -0.01000000
v -0.02540240 -0.00540904 -0.01000000
v -0.02560750 -0.00488165 -0.00880762
v -0.02563827 -0.00479751 -0.00880762
v -0.02566391 -0.00472506 -0.00880762
v 0.02534599 -0.00553135 -0.00880762
v -0.02534599 -0.00553135 -0.01000000
v -0.02540240 -0.00540904 -0.00880762
v -0.02534599 -0.00553135 -0.00880762
f 785 786 787
f 785 787 791
f 785 791 788
f 785 788 792
f 785 792 799
f 785 799 803
f 785 803 808
f 785 808 807
f 785 807 814
f 785 814 813
f 785 813 812
f 785 812 817
f 785 817 818
f 785 818 815
f 785 815 809
f 785 809 804
f 785 804 800
f 785 800 796
f 785 796 795
f 785 795 794
f 785 794 793
f 785 793 789
f 785 789 786
f 786 789 790
f 786 790 787
f 787 790 797
f 787 797 801
f 787 801 805
f 787 805 810
f 787 810 816
f 787 816 811
f 787 811 806
f 787 806 802
f 787 802 798
f 787 798 791
f 788 791 792
f 789 793 790
f 790 793 794
f 790 794 795
f 790 795 796
f 790 796 797
f 791 798 799
f 791 799 792
f 796 800 801
f 796 801 797
f 798 802 808
f 798 808 803
f 798 803 799
f 800 804 801
f 801 804 805
f 802 806 807
f 802 807 808
f 804 809 805
f 805 809 815
f 805 815 810
f 806 811 812
f 806 812 813
f 806 813 814
f 806 814 807
f 810 815 818
f 810 818 816
f 811 816 818
f 811 818 817
f 811 817 812

o geometry_7
v 0.02046742 -0.01206174 -0.00880762
v 0.02014686 -0.01234291 -0.00880762
v 0.02046742 -0.01206174 -0.01000000
v -0.02046742 -0.01206174 -0.00880762
v 0.02014686 -0.01234291 -0.01000000
v 0.01936150 -0.01297249 -0.00880762
v -0.02046742 -0.01206174 -0.01000000
v -0.02014686 -0.01234291 -0.00880762
v 0.01936150 -0.01297249 -0.01000000
v 0.01926133 -0.01304651 -0.00880762
v -0.02014686 -0.01234291 -0.01000000
v -0.02003868 -0.01242984 -0.00880762
v 0.01851203 -0.01359324 -0.01000000
v 0.01851203 -0.01359324 -0.00880762
v -0.01936150 -0.01297249 -0.01000000
v -0.01936150 -0.01297249 -0.00880762
v 0.01840385 -0.01366591 -0.00880762
v 0.01772667 -0.01411958 -0.00880762
v 0.01759845 -0.01420380 -0.01000000
v -0.01924530 -0.01305806 -0.00880762
v -0.01851203 -0.01359324 -0.01000000
v -0.01861621 -0.01351921 -0.00880762
v 0.01759845 -0.01420380 -0.00880762
v 0.01748225 -0.01427443 -0.00880762
v 0.01675299 -0.01471656 -0.00880762
v 0.01661676 -0.01479874 -0.01000000
v -0.01759845 -0.01420380 -0.01000000
v -0.01771065 -0.01413045 -0.00880762
v -0.01838782 -0.01367745 -0.00880762
v -0.01851203 -0.01359324 -0.00880762
v 0.01661676 -0.01479874 -0.00880762
v 0.01649254 -0.01486733 -0.00880762
v 0.01556694 -0.01537534 -0.01000000
v -0.01746622 -0.01428530 -0.00880762
v -0.01759845 -0.01420380 -0.00880762
v -0.01661676 -0.01479874 -0.01000000
v -0.01673696 -0.01472811 -0.00880762
v 0.01556694 -0.01537534 -0.00880762
v 0.01543471 -0.01544122 -0.00880762
v 0.01460127 -0.01585143 -0.00880762
v 0.01444500 -0.01592750 -0.01000000
v -0.01556694 -0.01537534 -0.01000000
v -0.01647251 -0.01487820 -0.00880762
v -0.01661676 -0.01479874 -0.00880762
v 0.01444500 -0.01592750 -0.00880762
v 0.01430475 -0.01598998 -0.00880762
v 0.01325494 -0.01645181 -0.01000000
v -0.01541467 -0.01545141 -0.00880762
v -0.01556694 -0.01537534 -0.00880762
v -0.01444500 -0.01592750 -0.01000000
v -0.01458123 -0.01586162 -0.00880762
v 0.01325494 -0.01645181 -0.00880762
v 0.01216906 -0.01687424 -0.00880762
v 0.01199275 -0.01694148 -0.01000000
v -0.01325494 -0.01645181 -0.01000000
v -0.01444500 -0.01592750 -0.00880762
v 0.01199275 -0.01694148 -0.00880762
v 0.01183648 -0.01699513 -0.00880762
v 0.01066646 -0.01739244 -0.01000000
v -0.01214502 -0.01688307 -0.00880762
v -0.01325494 -0.01645181 -0.00880762
v -0.01199275 -0.01694148 -0.01000000
v 0.01066646 -0.01739244 -0.00880762
v 0.00946838 -0.01774152 -0.00880762
v 0.00927605 -0.01779721 -0.01000000
v -0.01199275 -0.01694148 -0.00880762
v -0.01066646 -0.01739244 -0.01000000
v -0.01181244 -0.01700396 -0.00880762
v 0.00927605 -0.01779721 -0.00880762
v 0.00802589 -0.01810284 -0.00880762
v 0.00782554 -0.01815173 -0.01000000
v -0.00927605 -0.01779721 -0.01000000
v -0.01066646 -0.01739244 -0.00880762
v 0.00782554 -0.01815173 -0.00880762
v 0.00764924 -0.01818705 -0.00880762
v 0.00632695 -0.01844988 -0.01000000
v -0.00782554 -0.01815173 -0.01000000
v -0.00799784 -0.01810963 -0.00880762
v -0.00927605 -0.01779721 -0.00880762
v 0.00632695 -0.01844988 -0.00880762
v 0.00614263 -0.01847841 -0.00880762
v 0.00478428 -0.01868759 -0.01000000
v -0.00632695 -0.01844988 -0.01000000
v -0.00762119 -0.01819316 -0.00880762
v -0.00782554 -0.01815173 -0.00880762
v 0.00478428 -0.01868759 -0.00880762
v 0.00320955 -0.01886009 -0.01000000
v -0.00650726 -0.01841457 -0.00880762
v -0.00478428 -0.01868759 -0.01000000
v -0.00632695 -0.01844988 -0.00880762
v 0.00320955 -0.01886009 -0.00880762
v 0.00182716 -0.01895042 -0.00880762
v 0.00160678 -0.01896468 -0.01000000
v -0.00320955 -0.01886009 -0.01000000
v -0.00456790 -0.01871136 -0.00880762
v -0.00478428 -0.01868759 -0.00880762
v 0.00160678 -0.01896468 -0.00880762
v 0.00141845 -0.01896876 -0.00880762
v 0.00000000 -0.01899932 -0.01000000
v -0.00160678 -0.01896468 -0.01000000
v -0.00320955 -0.01886009 -0.00880762
v 0.00000000 -0.01899932 -0.00880762
v -0.00138640 -0.01896944 -0.00880762
v -0.00160678 -0.01896468 -0.00880762
f 819 820 823
f 819 823 821
f 819 821 825
f 819 825 822
f 819 822 826
f 819 826 830
f 819 830 834
f 819 834 838
f 819 838 840
f 819 840 848
f 819 848 847
f 819 847 846
f 819 846 853
f 819 853 852
f 819 852 855
f 819 855 862
f 819 862 861
f 819 861 867
f 819 867 866
f 819 866 869
f 819 869 874
f 819 874 879
f 819 879 878
f 819 878 884
f 819 884 886
f 819 886 891
f 819 891 897
f 819 897 896
f 819 896 903
f 819 903 902
f 819 902 906
f 819 906 908
f 819 908 914
f 819 914 913
f 819 913 919
f 819 919 922
f 819 922 921
f 819 921 920
f 819 920 916
f 819 916 915
f 819 915 910
f 819 910 909
f 819 909 904
f 819 904 899
f 819 899 898
f 819 898 893
f 819 893 892
f 819 892 888
f 819 888 887
f 819 887 882
f 819 882 881
f 819 881 876
f 819 876 875
f 819 875 871
f 819 871 870
f 819 870 864
f 819 864 863
f 819 863 858
f 819 858 857
f 819 857 856
f 819 856 850
f 819 850 849
f 819 849 843
f 819 843 842
f 819 842 841
f 819 841 836
f 819 836 835
f 819 835 832
f 819 832 828
f 819 828 824
f 819 824 820
f 820 824 827
f 820 827 823
f 821 823 827
f 821 827 831
f 821 831 837
f 821 837 844
f 821 844 851
f 821 851 859
f 821 859 865
f 821 865 872
f 821 872 877
f 821 877 883
f 821 883 889
f 821 889 894
f 821 894 900
f 821 900 905
f 821 905 911
f 821 911 917
f 821 917 918
f 821 918 912
f 821 912 907
f 821 907 901
f 821 901 895
f 821 895 890
f 821 890 885
f 821 885 880
f 821 880 873
f 821 873 868
f 821 868 860
f 821 860 854
f 821 854 845
f 821 845 839
f 821 839 833
f 821 833 829
f 821 829 825
f 822 825 829
f 822 829 826
f 824 828 827
f 826 829 830
f 827 828 831
f 828 832 831
f 829 833 830
f 830 833 834
f 831 832 835
f 831 835 836
f 831 836 837
f 833 838 834
f 833 839 840
f 833 840 838
f 836 841 837
f 837 841 842
f 837 842 843
f 837 843 844
f 839 845 846
f 839 846 847
f 839 847 848
f 839 848 840
f 843 849 844
f 844 849 850
f 844 850 851
f 845 852 853
f 845 853 846
f 845 854 855
f 845 855 852
f 850 856 851
f 851 856 857
f 851 857 858
f 851 858 859
f 854 860 861
f 854 861 862
f 854 862 855
f 858 863 859
f 859 863 864
f 859 864 865
f 860 866 867
f 860 867 861
f 860 868 869
f 860 869 866
f 864 870 865
f 865 870 871
f 865 871 872
f 868 873 879
f 868 879 874
f 868 874 869
f 871 875 872
f 872 876 877
f 872 875 876
f 873 878 879
f 873 880 878
f 876 881 877
f 877 882 883
f 877 881 882
f 878 880 884
f 880 885 886
f 880 886 884
f 882 887 883
f 883 887 888
f 883 888 889
f 885 890 897
f 885 897 891
f 885 891 886
f 888 892 889
f 889 892 893
f 889 893 894
f 890 895 896
f 890 896 897
f 893 898 894
f 894 898 899
f 894 899 900
f 895 901 902
f 895 902 903
f 895 903 896
f 899 904 900
f 900 904 909
f 900 909 905
f 901 906 902
f 901 907 914
f 901 914 908
f 901 908 906
f 905 909 910
f 905 910 911
f 907 912 913
f 907 913 914
f 910 915 911
f 911 915 916
f 911 916 917
f 912 918 922
f 912 922 919
f 912 919 913
f 916 920 917
f 917 920 921
f 917 921 918
f 918 921 922

o geometry_8
v 0.02534953 -0.00553161 -0.00880762
v 0.02513117 -0.00602508 -0.00880762
v 0.02534953 -0.00553161 -0.00891547
v -0.02534953 -0.00553161 -0.00880762
v 0.02513117 -0.00602508 -0.01000000
v 0.02486815 -0.00655881 -0.00880762
v 0.02534457 -0.00553161 -0.01000000
v -0.02534953 -0.00553161 -0.01000000
v -0.02513117 -0.00602508 -0.00880762
v 0.02482348 -0.00664383 -0.01000000
v 0.02482348 -0.00664383 -0.00880762
v -0.02513117 -0.00602508 -0.01000000
v -0.02486318 -0.00657032 -0.00880762
v 0.02478378 -0.00671861 -0.00880762
v 0.02453068 -0.00718140 -0.00880762
v 0.02448106 -0.00726705 -0.01000000
v -0.02482348 -0.00664383 -0.01000000
v -0.02477882 -0.00673012 -0.00880762
v 0.02448106 -0.00726705 -0.00880762
v 0.02443639 -0.00734184 -0.00880762
v 0.02410389 -0.00789411 -0.01000000
v -0.02448105 -0.00726705 -0.01000000
v -0.02452572 -0.00719290 -0.00880762
v 0.02410389 -0.00789411 -0.00880762
v 0.02368206 -0.00852501 -0.01000000
v -0.02410389 -0.00789411 -0.01000000
v -0.02443142 -0.00735398 -0.00880762
v 0.02368206 -0.00852501 -0.00880762
v 0.02362747 -0.00860044 -0.00880762
v 0.02321556 -0.00915846 -0.01000000
v -0.02368205 -0.00852501 -0.01000000
v -0.02410389 -0.00789411 -0.00880762
v 0.02321556 -0.00915846 -0.00880762
v 0.02315601 -0.00923389 -0.00880762
v 0.02270441 -0.00979447 -0.01000000
v -0.02368205 -0.00852501 -0.00880762
v -0.02321556 -0.00915846 -0.01000000
v 0.02270441 -0.00979447 -0.00880762
v 0.02263989 -0.00987054 -0.00880762
v 0.02214362 -0.01043240 -0.01000000
v -0.02321556 -0.00915846 -0.00880762
v -0.02270440 -0.00979447 -0.01000000
v -0.02314608 -0.00924603 -0.00880762
v 0.02222302 -0.01034419 -0.00880762
v 0.02214362 -0.01043240 -0.00880762
v 0.02207414 -0.01050847 -0.00880762
v 0.02153321 -0.01107097 -0.01000000
v -0.02214362 -0.01043240 -0.01000000
v -0.02221309 -0.01035634 -0.00880762
v -0.02262996 -0.00988204 -0.00880762
v -0.02270440 -0.00979447 -0.00880762
v 0.02153321 -0.01107097 -0.00880762
v 0.02086820 -0.01170826 -0.01000000
v -0.02214362 -0.01043240 -0.00880762
v -0.02153320 -0.01107097 -0.01000000
v -0.02160764 -0.01099490 -0.00880762
v 0.02086820 -0.01170826 -0.00880762
v 0.02078384 -0.01178368 -0.00880762
v 0.02046622 -0.01206174 -0.01000000
v -0.02086820 -0.01170826 -0.01000000
v -0.02144387 -0.01115854 -0.00880762
v -0.02153320 -0.01107097 -0.00880762
v 0.02046622 -0.01206174 -0.00880762
v -0.02046622 -0.01206174 -0.01000000
v -0.02086820 -0.01170826 -0.00880762
v -0.02046622 -0.01206174 -0.00880762
f 923 924 927
f 923 927 925
f 923 925 929
f 923 929 930
f 923 930 926
f 923 926 931
f 923 931 935
f 923 935 940
f 923 940 945
f 923 945 949
f 923 949 954
f 923 954 958
f 923 958 963
f 923 963 965
f 923 965 973
f 923 973 972
f 923 972 971
f 923 971 976
f 923 976 978
f 923 978 984
f 923 984 983
f 923 983 987
f 923 987 988
f 923 988 985
f 923 985 980
f 923 980 979
f 923 979 974
f 923 974 968
f 923 968 967
f 923 967 966
f 923 966 961
f 923 961 960
f 923 960 956
f 923 956 955
f 923 955 951
f 923 951 950
f 923 950 946
f 923 946 942
f 923 942 941
f 923 941 937
f 923 937 936
f 923 936 933
f 923 933 928
f 923 928 924
f 924 928 927
f 925 927 929
f 926 930 934
f 926 934 931
f 927 928 932
f 927 932 938
f 927 938 943
f 927 943 947
f 927 947 952
f 927 952 957
f 927 957 962
f 927 962 969
f 927 969 975
f 927 975 981
f 927 981 986
f 927 986 982
f 927 982 977
f 927 977 970
f 927 970 964
f 927 964 959
f 927 959 953
f 927 953 948
f 927 948 944
f 927 944 939
f 927 939 934
f 927 934 930
f 927 930 929
f 928 933 932
f 931 934 935
f 932 933 936
f 932 936 937
f 932 937 938
f 934 939 935
f 935 939 940
f 937 941 938
f 938 941 942
f 938 942 943
f 939 944 945
f 939 945 940
f 942 946 943
f 943 946 950
f 943 950 947
f 944 948 949
f 944 949 945
f 947 950 951
f 947 951 952
f 948 953 958
f 948 958 954
f 948 954 949
f 951 955 952
f 952 955 956
f 952 956 957
f 953 959 963
f 953 963 958
f 956 960 957
f 957 960 961
f 957 961 962
f 959 964 965
f 959 965 963
f 961 966 962
f 962 966 967
f 962 967 968
f 962 968 969
f 964 970 971
f 964 971 972
f 964 972 973
f 964 973 965
f 968 974 969
f 969 974 979
f 969 979 975
f 970 976 971
f 970 977 978
f 970 978 976
f 975 979 980
f 975 980 981
f 977 982 983
f 977 983 984
f 977 984 978
f 980 985 981
f 981 985 988
f 981 988 986
f 982 987 983
f 982 986 988
f 982 988 987

o geometry_9
v 0.02062265 0.01192563 -0.00000022
v 0.02086933 0.01170810 -0.00000022
v 0.02062265 0.01192563 -0.00222159
v -0.02062265 0.01192563 -0.00000022
v 0.02138836 0.01121182 -0.00222159
v 0.02099780 0.01158563 -0.00222159
v 0.02086933 0.01170810 -0.00222159
v 0.02153225 0.01107107 -0.00000022
v -0.02062265 0.01192563 -0.00222159
v -0.02086933 0.01170810 -0.00000022
v 0.02153225 0.01107107 -0.00222159
v 0.02214379 0.01043220 -0.00000022
v 0.02201018 0.01057387 -0.00222159
v -0.02086933 0.01170810 -0.00222159
v -0.02101836 0.01156644 -0.00222159
v -0.02153225 0.01107107 -0.00000022
v 0.02225171 0.01030973 -0.00222159
v 0.02214379 0.01043220 -0.00222159
v 0.02270394 0.00979425 -0.00000022
v 0.02258060 0.00993592 -0.00222159
v -0.02153225 0.01107107 -0.00222159
v -0.02167100 0.01092849 -0.00222159
v -0.02214379 0.01043220 -0.00000022
v 0.02321783 0.00915813 -0.00000022
v 0.02270394 0.00979425 -0.00222159
v -0.02214379 0.01043220 -0.00222159
v -0.02270394 0.00979425 -0.00000022
v 0.02321783 0.00915813 -0.00222159
v 0.02368034 0.00852384 -0.00000022
v 0.02357756 0.00866550 -0.00222159
v -0.02270394 0.00979425 -0.00222159
v -0.02321783 0.00915813 -0.00000022
v 0.02376256 0.00840319 -0.00222159
v 0.02368034 0.00852384 -0.00222159
v 0.02410173 0.00789320 -0.00000022
v -0.02321783 0.00915813 -0.00222159
v -0.02359297 0.00864631 -0.00222159
v -0.02368034 0.00852384 -0.00000022
v 0.02400923 0.00803395 -0.00222159
v 0.02448202 0.00726622 -0.00000022
v 0.02439979 0.00740606 -0.00222159
v 0.02410173 0.00789320 -0.00222159
v -0.02368034 0.00852384 -0.00222159
v -0.02410173 0.00789320 -0.00000022
v 0.02454882 0.00714740 -0.00222159
v 0.02448202 0.00726622 -0.00222159
v 0.02482633 0.00664381 -0.00000022
v -0.02410173 0.00789320 -0.00222159
v -0.02441007 0.00738686 -0.00222159
v -0.02448202 0.00726622 -0.00000022
v 0.02482633 0.00664381 -0.00222159
v 0.02512953 0.00602505 -0.00000022
v 0.02506272 0.00616306 -0.00222159
v -0.02448202 0.00726622 -0.00222159
v -0.02455910 0.00712912 -0.00222159
v -0.02482633 0.00664381 -0.00000022
v 0.02512953 0.00602505 -0.00222159
v 0.02540189 0.00540995 -0.00000022
v -0.02482633 0.00664381 -0.00222159
v -0.02507300 0.00614387 -0.00222159
v -0.02512953 0.00602505 -0.00000022
v 0.02540189 0.00540995 -0.00222159
v 0.02563828 0.00479851 -0.00000022
v 0.02558689 0.00493377 -0.00222159
v 0.02544814 0.00529205 -0.00222159
v -0.02512953 0.00602505 -0.00222159
v -0.02519119 0.00588796 -0.00222159
v -0.02540189 0.00540995 -0.00000022
v 0.02563828 0.00479851 -0.00222159
v 0.02584384 0.00418980 -0.00000022
v 0.02567939 0.00468152 -0.00222159
v -0.02535050 0.00552785 -0.00222159
v -0.02540189 0.00540995 -0.00222159
v -0.02563828 0.00479851 -0.00000022
v 0.02587981 0.00407373 -0.00222159
v 0.02584384 0.00418980 -0.00222159
v 0.02602370 0.00358476 -0.00000022
v -0.02563828 0.00479851 -0.00222159
v -0.02580787 0.00430679 -0.00222159
v -0.02584384 0.00418980 -0.00000022
v 0.02602370 0.00358476 -0.00222159
v 0.02616760 0.00298337 -0.00000022
v 0.02613676 0.00311681 -0.00222159
v -0.02584384 0.00418980 -0.00222159
v -0.02588495 0.00405545 -0.00222159
v -0.02602370 0.00358476 -0.00000022
v 0.02624982 0.00258945 -0.00000022
v 0.02619329 0.00286821 -0.00222159
v 0.02616760 0.00298337 -0.00222159
v -0.02602370 0.00358476 -0.00222159
v -0.02614190 0.00309853 -0.00222159
v -0.02616760 0.00298337 -0.00000022
v 0.02624982 0.00258945 -0.00222159
v -0.02624982 0.00258945 -0.00000022
v -0.02616760 0.00298337 -0.00222159
v -0.02624982 0.00258945 -0.00222159
f 989 990 995
f 989 995 991
f 989 991 997
f 989 997 992
f 989 992 998
f 989 998 1004
f 989 1004 1011
f 989 1011 1015
f 989 1015 1020
f 989 1020 1026
f 989 1026 1032
f 989 1032 1038
f 989 1038 1044
f 989 1044 1049
f 989 1049 1056
f 989 1056 1062
f 989 1062 1068
f 989 1068 1074
f 989 1074 1080
f 989 1080 1082
f 989 1082 1075
f 989 1075 1070
f 989 1070 1065
f 989 1065 1058
f 989 1058 1051
f 989 1051 1046
f 989 1046 1040
f 989 1040 1035
f 989 1035 1028
f 989 1028 1023
f 989 1023 1017
f 989 1017 1012
f 989 1012 1007
f 989 1007 1000
f 989 1000 996
f 989 996 990
f 990 993 994
f 990 994 995
f 990 996 993
f 991 995 994
f 991 994 993
f 991 993 999
f 991 999 1001
f 991 1001 1006
f 991 1006 1005
f 991 1005 1008
f 991 1008 1013
f 991 1013 1016
f 991 1016 1018
f 991 1018 1022
f 991 1022 1021
f 991 1021 1027
f 991 1027 1030
f 991 1030 1029
f 991 1029 1034
f 991 1034 1033
f 991 1033 1039
f 991 1039 1041
f 991 1041 1045
f 991 1045 1050
f 991 1050 1053
f 991 1053 1052
f 991 1052 1057
f 991 1057 1059
f 991 1059 1064
f 991 1064 1063
f 991 1063 1069
f 991 1069 1071
f 991 1071 1077
f 991 1077 1076
f 991 1076 1081
f 991 1081 1084
f 991 1084 1083
f 991 1083 1079
f 991 1079 1078
f 991 1078 1073
f 991 1073 1072
f 991 1072 1067
f 991 1067 1066
f 991 1066 1061
f 991 1061 1060
f 991 1060 1055
f 991 1055 1054
f 991 1054 1048
f 991 1048 1047
f 991 1047 1043
f 991 1043 1042
f 991 1042 1037
f 991 1037 1036
f 991 1036 1031
f 991 1031 1025
f 991 1025 1024
f 991 1024 1019
f 991 1019 1014
f 991 1014 1010
f 991 1010 1009
f 991 1009 1003
f 991 1003 1002
f 991 1002 997
f 992 997 1002
f 992 1002 998
f 993 996 999
f 996 1000 1001
f 996 1001 999
f 998 1002 1003
f 998 1003 1004
f 1000 1005 1006
f 1000 1006 1001
f 1000 1007 1008
f 1000 1008 1005
f 1003 1009 1004
f 1004 1009 1010
f 1004 1010 1011
f 1007 1012 1016
f 1007 1016 1013
f 1007 1013 1008
f 1010 1014 1011
f 1011 1014 1019
f 1011 1019 1015
f 1012 1017 1018
f 1012 1018 1016
f 1015 1019 1024
f 1015 1024 1020
f 1017 1021 1022
f 1017 1022 1018
f 1017 1023 1021
f 1020 1024 1025
f 1020 1025 1026
f 1021 1023 1027
f 1023 1028 1029
f 1023 1029 1030
f 1023 1030 1027
f 1025 1031 1026
f 1026 1031 1036
f 1026 1036 1032
f 1028 1033 1034
f 1028 1034 1029
f 1028 1035 1033
f 1032 1036 1037
f 1032 1037 1038
f 1033 1035 1039
f 1035 1040 1041
f 1035 1041 1039
f 1037 1042 1038
f 1038 1042 1043
f 1038 1043 1044
f 1040 1045 1041
f 1040 1046 1050
f 1040 1050 1045
f 1043 1047 1044
f 1044 1047 1048
f 1044 1048 1049
f 1046 1051 1052
f 1046 1052 1053
f 1046 1053 1050
f 1048 1054 1049
f 1049 1054 1055
f 1049 1055 1056
f 1051 1057 1052
f 1051 1058 1059
f 1051 1059 1057
f 1055 1060 1056
f 1056 1061 1066
f 1056 1066 1062
f 1056 1060 1061
f 1058 1063 1064
f 1058 1064 1059
f 1058 1065 1063
f 1062 1066 1067
f 1062 1067 1068
f 1063 1065 1069
f 1065 1070 1071
f 1065 1071 1069
f 1067 1072 1068
f 1068 1072 1073
f 1068 1073 1074
f 1070 1075 1076
f 1070 1076 1077
f 1070 1077 1071
f 1073 1078 1074
f 1074 1078 1079
f 1074 1079 1080
f 1075 1081 1076
f 1075 1082 1084
f 1075 1084 1081
f 1079 1083 1080
f 1080 1083 1084
f 1080 1084 1082

o geometry_10
v -0.02650000 0.00000057 -0.00536008
v 0.00080303 0.01825551 -0.00536008
v 0.00080303 -0.00556819 -0.00536008
v 0.00080303 0.01825551 -0.00222159
v -0.00730842 0.01825551 -0.00222159
v -0.01066807 0.01739239 -0.00222159
v -0.00927795 0.01779766 -0.00222159
v -0.01066807 0.01739239 -0.00536008
v -0.00927795 0.01779766 -0.00536008
v -0.00730842 0.01825551 -0.00536008
v -0.00782941 0.01815036 -0.00536008
v -0.00782941 0.01815036 -0.00222159
v -0.02086871 0.01170761 -0.00536008
v -0.01661804 0.01479645 -0.00536008
v -0.01325596 0.01645040 -0.00536008
v -0.01199731 0.01694111 -0.00536008
v -0.01199731 0.01694111 -0.00222159
v -0.01325596 0.01645040 -0.00222159
v -0.01661804 0.01479645 -0.00222159
v -0.01469720 0.01580415 -0.00222159
v -0.01556876 0.01537478 -0.00222159
v -0.01556876 0.01537478 -0.00536008
v -0.01444644 0.01592683 -0.00536008
v -0.01444644 0.01592683 -0.00222159
v -0.01760159 0.01420278 -0.00222159
v -0.01851453 0.01359158 -0.00222159
v -0.01851453 0.01359158 -0.00536008
v -0.01760159 0.01420278 -0.00536008
v -0.01936175 0.01297162 -0.00536008
v -0.01936175 0.01297162 -0.00222159
v -0.02014566 0.01234071 -0.00222159
v -0.02014566 0.01234071 -0.00536008
v -0.02086871 0.01170761 -0.00222159
v -0.02533347 -0.00556819 -0.00222159
v -0.02602409 0.00358387 -0.00222159
v -0.02629063 -0.00238199 -0.00222159
v -0.02564132 -0.00479646 -0.00222159
v -0.02540352 -0.00540865 -0.00222159
v -0.02540352 -0.00540865 -0.00536008
v -0.02564132 -0.00479646 -0.00536008
v -0.02533347 -0.00556819 -0.00536008
v -0.02617126 -0.00298236 -0.00536008
v -0.02638267 -0.00178517 -0.00536008
v -0.02646607 -0.00091298 -0.00536008
v -0.02648696 -0.00059389 -0.00536008
v -0.02648696 -0.00059389 -0.00222159
v -0.02647832 -0.00072625 -0.00222159
v -0.02644785 -0.00118835 -0.00222159
v -0.02638267 -0.00178517 -0.00222159
v -0.02644785 -0.00118835 -0.00536008
v -0.02648696 0.00059385 -0.00222159
v -0.02650000 0.00000057 -0.00222159
v -0.02648696 0.00059385 -0.00536008
v -0.02646890 0.00087039 -0.00536008
v -0.02644785 0.00118949 -0.00222159
v -0.02644785 0.00118949 -0.00536008
v -0.02638267 0.00178513 -0.00536008
v -0.02638267 0.00178513 -0.00222159
v -0.02629063 0.00238195 -0.00222159
v -0.02629063 0.00238195 -0.00536008
v -0.02617126 0.00298232 -0.00536008
v -0.02617126 0.00298232 -0.00222159
v -0.02602409 0.00358387 -0.00536008
v -0.02584770 0.00418896 -0.00536008
v -0.02584770 0.00418896 -0.00222159
v -0.02564132 0.00479642 -0.00222159
v -0.02513274 0.00602434 -0.00222159
v -0.02540352 0.00540860 -0.00222159
v -0.02564132 0.00479642 -0.00536008
v -0.02513274 0.00602434 -0.00536008
v -0.02540352 0.00540860 -0.00536008
v -0.02482481 0.00664498 -0.00222159
v -0.02482481 0.00664498 -0.00536008
v -0.02448398 0.00726494 -0.00536008
v -0.02448398 0.00726494 -0.00222159
v -0.02410420 0.00789366 -0.00536008
v -0.02321803 0.00915767 -0.00536008
v -0.02368059 0.00852457 -0.00536008
v -0.02368059 0.00852457 -0.00222159
v -0.02410420 0.00789366 -0.00222159
v -0.02321803 0.00915767 -0.00222159
v -0.02270678 0.00979297 -0.00536008
v -0.02214684 0.01043264 -0.00536008
v -0.02270678 0.00979297 -0.00222159
v -0.02153577 0.01107013 -0.00222159
v -0.02214684 0.01043264 -0.00222159
v -0.02153577 0.01107013 -0.00536008
v -0.02629063 -0.00238199 -0.00536008
v -0.02617126 -0.00298236 -0.00222159
v -0.02602409 -0.00358391 -0.00222159
v -0.02602409 -0.00358391 -0.00536008
v -0.02584770 -0.00418900 -0.00536008
v -0.02584770 -0.00418900 -0.00222159
v 0.00080303 -0.00556819 -0.00222159
f 1086 1087 1085
f 1086 1088 1087
f 1089 1088 1086
f 1089 1090 1088
f 1091 1090 1089
f 1091 1092 1090
f 1093 1092 1091
f 1093 1094 1092
f 1095 1094 1093
f 1095 1096 1094
f 1095 1093 1096
f 1093 1091 1096
f 1096 1091 1089
f 1096 1089 1094
f 1094 1089 1086
f 1094 1086 1092
f 1092 1086 1097
f 1098 1092 1097
f 1099 1092 1098
f 1100 1092 1099
f 1100 1101 1092
f 1100 1099 1101
f 1101 1099 1102
f 1101 1102 1090
f 1101 1090 1092
f 1102 1103 1090
f 1104 1103 1102
f 1105 1103 1104
f 1105 1098 1103
f 1106 1098 1105
f 1106 1099 1098
f 1107 1099 1106
f 1107 1108 1099
f 1107 1104 1108
f 1107 1106 1104
f 1106 1105 1104
f 1108 1104 1102
f 1108 1102 1099
f 1109 1103 1098
f 1109 1110 1103
f 1109 1111 1110
f 1112 1111 1109
f 1112 1098 1111
f 1112 1109 1098
f 1111 1098 1097
f 1113 1111 1097
f 1113 1114 1111
f 1113 1115 1114
f 1116 1115 1113
f 1116 1097 1115
f 1116 1113 1097
f 1115 1097 1117
f 1115 1117 1114
f 1114 1117 1110
f 1111 1114 1110
f 1110 1117 1103
f 1103 1117 1090
f 1090 1117 1088
f 1117 1118 1088
f 1119 1118 1117
f 1120 1118 1119
f 1121 1118 1120
f 1122 1118 1121
f 1122 1123 1118
f 1122 1121 1123
f 1123 1121 1124
f 1123 1124 1125
f 1123 1125 1118
f 1125 1087 1118
f 1125 1085 1087
f 1126 1085 1125
f 1127 1085 1126
f 1128 1085 1127
f 1129 1085 1128
f 1129 1130 1085
f 1129 1131 1130
f 1129 1128 1131
f 1132 1131 1128
f 1132 1133 1131
f 1132 1127 1133
f 1134 1127 1132
f 1134 1128 1127
f 1134 1132 1128
f 1133 1127 1120
f 1133 1120 1131
f 1131 1120 1135
f 1136 1131 1135
f 1130 1131 1136
f 1130 1136 1085
f 1136 1135 1085
f 1137 1085 1135
f 1137 1138 1085
f 1137 1135 1138
f 1139 1138 1135
f 1140 1138 1139
f 1140 1141 1138
f 1140 1139 1141
f 1139 1142 1141
f 1139 1135 1142
f 1142 1135 1143
f 1142 1143 1141
f 1144 1141 1143
f 1144 1145 1141
f 1144 1143 1145
f 1146 1145 1143
f 1146 1119 1145
f 1146 1143 1119
f 1143 1135 1119
f 1135 1120 1119
f 1147 1145 1119
f 1147 1148 1145
f 1147 1119 1148
f 1149 1148 1119
f 1149 1150 1148
f 1149 1119 1150
f 1150 1119 1151
f 1152 1150 1151
f 1153 1150 1152
f 1148 1150 1153
f 1148 1153 1145
f 1153 1154 1145
f 1155 1154 1153
f 1155 1152 1154
f 1155 1153 1152
f 1152 1151 1154
f 1156 1154 1151
f 1157 1154 1156
f 1157 1158 1154
f 1157 1156 1158
f 1158 1156 1159
f 1158 1159 1160
f 1158 1160 1154
f 1160 1161 1154
f 1162 1161 1160
f 1162 1163 1161
f 1162 1160 1163
f 1163 1160 1164
f 1163 1164 1165
f 1163 1165 1161
f 1166 1161 1165
f 1166 1167 1161
f 1166 1168 1167
f 1166 1165 1168
f 1165 1164 1168
f 1168 1164 1117
f 1169 1168 1117
f 1170 1168 1169
f 1170 1167 1168
f 1170 1169 1167
f 1171 1167 1169
f 1171 1097 1167
f 1171 1169 1097
f 1169 1117 1097
f 1167 1097 1161
f 1161 1097 1154
f 1154 1097 1085
f 1145 1154 1085
f 1141 1145 1085
f 1138 1141 1085
f 1097 1086 1085
f 1164 1119 1117
f 1151 1119 1164
f 1159 1151 1164
f 1156 1151 1159
f 1160 1159 1164
f 1172 1120 1127
f 1172 1126 1120
f 1172 1127 1126
f 1173 1120 1126
f 1173 1174 1120
f 1173 1126 1174
f 1175 1174 1126
f 1175 1176 1174
f 1175 1126 1176
f 1176 1126 1125
f 1124 1176 1125
f 1177 1176 1124
f 1177 1174 1176
f 1177 1121 1174
f 1177 1124 1121
f 1174 1121 1120
f 1178 1118 1087
f 1178 1088 1118
f 1178 1087 1088

o geometry_11
v 0.00730757 0.01825489 -0.00000022
v 0.00782435 0.01815204 -0.00000022
v 0.00761037 0.01819479 -0.00222159
v 0.00730757 0.01825489 -0.00222159
v -0.00730757 0.01825489 -0.00000022
v 0.00782435 0.01815204 -0.00222159
v 0.00927375 0.01779762 -0.00000022
v 0.00895480 0.01787631 -0.00222159
v -0.00730757 0.01825489 -0.00222159
v -0.00761037 0.01819479 -0.00222159
v -0.00782435 0.01815204 -0.00000022
v 0.00954425 0.01771955 -0.00222159
v 0.00927375 0.01779762 -0.00222159
v 0.01066663 0.01739240 -0.00000022
v -0.00782435 0.01815204 -0.00222159
v -0.00814734 0.01807335 -0.00222159
v -0.00927375 0.01779762 -0.00000022
v 0.01066663 0.01739240 -0.00222159
v 0.01199491 0.01694195 -0.00000022
v -0.00927375 0.01779762 -0.00222159
v -0.01066663 0.01739240 -0.00000022
v 0.01199491 0.01694195 -0.00222159
v 0.01297599 0.01656027 -0.00222159
v 0.01325456 0.01645184 -0.00000022
v -0.01066663 0.01739240 -0.00222159
v -0.01199491 0.01694195 -0.00000022
v 0.01325456 0.01645184 -0.00222159
v 0.01444557 0.01592765 -0.00000022
v 0.01418315 0.01604414 -0.00222159
v 0.01348469 0.01635084 -0.00222159
v -0.01199491 0.01694195 -0.00222159
v -0.01325456 0.01645184 -0.00000022
v 0.01444557 0.01592765 -0.00222159
v 0.01556795 0.01537435 -0.00000022
v 0.01466359 0.01582108 -0.00222159
v -0.01325456 0.01645184 -0.00222159
v -0.01352102 0.01633535 -0.00222159
v -0.01444557 0.01592765 -0.00000022
v 0.01556795 0.01537435 -0.00222159
v 0.01661766 0.01479873 -0.00000022
v -0.01444557 0.01592765 -0.00222159
v -0.01469589 0.01580435 -0.00222159
v -0.01556795 0.01537435 -0.00000022
v 0.01661766 0.01479873 -0.00222159
v 0.01759873 0.01420329 -0.00000022
v 0.01680741 0.01468411 -0.00222159
v -0.01556795 0.01537435 -0.00222159
v -0.01580212 0.01524671 -0.00222159
v -0.01661766 0.01479873 -0.00000022
v 0.01777637 0.01408619 -0.00222159
v 0.01759873 0.01420329 -0.00222159
v 0.01738071 0.01433589 -0.00222159
v 0.01851117 0.01359360 -0.00000022
v -0.01641579 0.01490964 -0.00222159
v -0.01661766 0.01479873 -0.00222159
v -0.01741301 0.01431792 -0.00222159
v -0.01759873 0.01420329 -0.00000022
v 0.01851117 0.01359360 -0.00222159
v 0.01935901 0.01297214 -0.00000022
v 0.01917329 0.01311031 -0.00222159
v 0.01867670 0.01347402 -0.00222159
v -0.01759873 0.01420329 -0.00222159
v -0.01780463 0.01406822 -0.00222159
v -0.01851117 0.01359360 -0.00000022
v 0.01951243 0.01285132 -0.00222159
v 0.01935901 0.01297214 -0.00222159
v 0.02014629 0.01234324 -0.00000022
v -0.01833756 0.01371071 -0.00222159
v -0.01851117 0.01359360 -0.00222159
v -0.01870092 0.01345543 -0.00222159
v -0.01919751 0.01309172 -0.00222159
v -0.01935901 0.01297214 -0.00000022
v 0.01997268 0.01248265 -0.00222159
v 0.02062269 0.01192563 -0.00000022
v 0.02014629 0.01234324 -0.00222159
v -0.01935901 0.01297214 -0.00222159
v -0.01953665 0.01283273 -0.00222159
v -0.02014629 0.01234324 -0.00000022
v 0.02062269 0.01192563 -0.00222159
v -0.02062269 0.01192563 -0.00000022
v -0.02014629 0.01234324 -0.00222159
v -0.02062269 0.01192563 -0.00222159
f 1179 1180 1181
f 1179 1181 1182
f 1179 1182 1187
f 1179 1187 1183
f 1179 1183 1189
f 1179 1189 1195
f 1179 1195 1199
f 1179 1199 1204
f 1179 1204 1210
f 1179 1210 1216
f 1179 1216 1221
f 1179 1221 1227
f 1179 1227 1235
f 1179 1235 1242
f 1179 1242 1250
f 1179 1250 1256
f 1179 1256 1258
f 1179 1258 1252
f 1179 1252 1245
f 1179 1245 1237
f 1179 1237 1231
f 1179 1231 1223
f 1179 1223 1218
f 1179 1218 1212
f 1179 1212 1206
f 1179 1206 1202
f 1179 1202 1197
f 1179 1197 1192
f 1179 1192 1185
f 1179 1185 1180
f 1180 1184 1181
f 1180 1185 1186
f 1180 1186 1184
f 1181 1184 1186
f 1181 1186 1191
f 1181 1191 1190
f 1181 1190 1196
f 1181 1196 1200
f 1181 1200 1201
f 1181 1201 1205
f 1181 1205 1208
f 1181 1208 1207
f 1181 1207 1211
f 1181 1211 1213
f 1181 1213 1217
f 1181 1217 1222
f 1181 1222 1224
f 1181 1224 1230
f 1181 1230 1229
f 1181 1229 1228
f 1181 1228 1236
f 1181 1236 1239
f 1181 1239 1238
f 1181 1238 1244
f 1181 1244 1243
f 1181 1243 1251
f 1181 1251 1253
f 1181 1253 1257
f 1181 1257 1260
f 1181 1260 1259
f 1181 1259 1255
f 1181 1255 1254
f 1181 1254 1249
f 1181 1249 1248
f 1181 1248 1247
f 1181 1247 1246
f 1181 1246 1241
f 1181 1241 1240
f 1181 1240 1234
f 1181 1234 1233
f 1181 1233 1232
f 1181 1232 1226
f 1181 1226 1225
f 1181 1225 1220
f 1181 1220 1219
f 1181 1219 1215
f 1181 1215 1214
f 1181 1214 1209
f 1181 1209 1203
f 1181 1203 1198
f 1181 1198 1194
f 1181 1194 1193
f 1181 1193 1188
f 1181 1188 1187
f 1181 1187 1182
f 1183 1187 1188
f 1183 1188 1189
f 1185 1190 1191
f 1185 1191 1186
f 1185 1192 1190
f 1188 1193 1189
f 1189 1193 1194
f 1189 1194 1195
f 1190 1192 1196
f 1192 1197 1200
f 1192 1200 1196
f 1194 1198 1195
f 1195 1198 1203
f 1195 1203 1199
f 1197 1201 1200
f 1197 1202 1201
f 1199 1203 1209
f 1199 1209 1204
f 1201 1202 1205
f 1202 1206 1207
f 1202 1207 1208
f 1202 1208 1205
f 1204 1209 1214
f 1204 1214 1210
f 1206 1211 1207
f 1206 1212 1213
f 1206 1213 1211
f 1210 1214 1215
f 1210 1215 1216
f 1212 1217 1213
f 1212 1218 1222
f 1212 1222 1217
f 1215 1219 1216
f 1216 1219 1220
f 1216 1220 1221
f 1218 1223 1224
f 1218 1224 1222
f 1220 1225 1221
f 1221 1225 1226
f 1221 1226 1227
f 1223 1228 1229
f 1223 1229 1230
f 1223 1230 1224
f 1223 1231 1228
f 1226 1232 1227
f 1227 1232 1233
f 1227 1233 1234
f 1227 1234 1235
f 1228 1231 1236
f 1231 1237 1238
f 1231 1238 1239
f 1231 1239 1236
f 1234 1240 1235
f 1235 1240 1241
f 1235 1241 1242
f 1237 1243 1244
f 1237 1244 1238
f 1237 1245 1243
f 1241 1246 1242
f 1242 1246 1247
f 1242 1247 1248
f 1242 1248 1249
f 1242 1249 1250
f 1243 1245 1251
f 1245 1252 1257
f 1245 1257 1253
f 1245 1253 1251
f 1249 1254 1250
f 1250 1254 1255
f 1250 1255 1256
f 1252 1258 1260
f 1252 1260 1257
f 1255 1259 1256
f 1256 1259 1260
f 1256 1260 1258

o geometry_12
v 0.00731028 0.01825551 -0.00222159
v 0.00761464 0.01819488 -0.00222159
v 0.00731028 0.01825551 -0.00496258
v 0.00080554 0.01825551 -0.00222159
v 0.00782844 0.01815057 -0.00222159
v 0.00782844 0.01815057 -0.00496258
v 0.00080554 0.01825551 -0.00496258
v 0.00080554 -0.00556819 -0.00222159
v 0.00810765 0.01808294 -0.00222159
v 0.00841704 0.01800832 -0.00496258
v 0.00080554 -0.00556819 -0.00496258
v 0.02533287 -0.00556819 -0.00222159
v 0.00856041 0.01797334 -0.00496258
v 0.00895533 0.01787539 -0.00222159
v 0.02533287 -0.00556819 -0.00496258
v 0.02540330 -0.00540728 -0.00222159
v 0.00927729 0.01779610 -0.00222159
v 0.00927729 0.01779610 -0.00496258
v 0.02540330 -0.00540728 -0.00496258
v 0.02545612 -0.00527203 -0.00222159
v 0.00954644 0.01771915 -0.00222159
v 0.00987595 0.01762354 -0.00496258
v 0.02554416 -0.00504349 -0.00496258
v 0.02563975 -0.00479630 -0.00222159
v 0.02563975 -0.00479630 -0.00496258
v 0.01035890 0.01748128 -0.00222159
v 0.01063056 0.01740200 -0.00496258
v 0.02574287 -0.00449547 -0.00496258
v 0.02584600 -0.00418765 -0.00222159
v 0.01066829 0.01739034 -0.00222159
v 0.01066829 0.01739034 -0.00496258
v 0.02584600 -0.00418765 -0.00496258
v 0.02585104 -0.00417132 -0.00496258
v 0.02588625 -0.00405472 -0.00222159
v 0.01092486 0.01730405 -0.00222159
v 0.01120658 0.01720844 -0.00496258
v 0.02593404 -0.00388915 -0.00496258
v 0.02598938 -0.00370026 -0.00222159
v 0.01170211 0.01704054 -0.00222159
v 0.01195867 0.01695425 -0.00496258
v 0.02595165 -0.00382852 -0.00496258
v 0.02602711 -0.00356734 -0.00496258
v 0.02602208 -0.00358366 -0.00222159
v 0.01199640 0.01694026 -0.00222159
v 0.01199640 0.01694026 -0.00496258
v 0.02610760 -0.00324086 -0.00496258
v 0.02614282 -0.00309627 -0.00222159
v 0.01224039 0.01684698 -0.00222159
v 0.01253721 0.01673038 -0.00496258
v 0.02617049 -0.00298201 -0.00496258
v 0.02617049 -0.00298201 -0.00222159
v 0.01297740 0.01656015 -0.00222159
v 0.01322139 0.01646453 -0.00496258
v 0.02623840 -0.00263920 -0.00496258
v 0.02628871 -0.00238268 -0.00222159
v 0.01325660 0.01645054 -0.00222159
v 0.01325660 0.01645054 -0.00496258
v 0.02628871 -0.00238268 -0.00496258
v 0.02636417 -0.00189996 -0.00222159
v 0.01348550 0.01635027 -0.00222159
v 0.01376722 0.01622667 -0.00496258
v 0.02638178 -0.00178336 -0.00496258
v 0.02638429 -0.00176703 -0.00496258
v 0.02638178 -0.00178336 -0.00222159
v 0.01444637 0.01592584 -0.00222159
v 0.01441367 0.01594217 -0.00496258
v 0.02641951 -0.00144522 -0.00496258
v 0.02639687 -0.00165277 -0.00222159
v 0.01466269 0.01582090 -0.00222159
v 0.01501233 0.01564833 -0.00496258
v 0.02644718 -0.00118870 -0.00222159
v 0.02644718 -0.00118870 -0.00496258
v 0.01531920 0.01549675 -0.00222159
v 0.01553552 0.01538948 -0.00496258
v 0.02646730 -0.00089253 -0.00496258
v 0.02648491 -0.00059404 -0.00222159
v 0.01556822 0.01537316 -0.00222159
v 0.01556822 0.01537316 -0.00496258
v 0.02648491 -0.00059404 -0.00496258
v 0.02649749 -0.00011365 -0.00222159
v 0.01576945 0.01526355 -0.00222159
v 0.01609645 0.01508399 -0.00496258
v 0.02649245 -0.00029787 -0.00496258
v 0.02649749 0.00000062 -0.00496258
v 0.02649749 0.00000062 -0.00222159
v 0.01661965 0.01479716 -0.00222159
v 0.01661965 0.01479716 -0.00496258
v 0.02649749 0.00001695 -0.00496258
v 0.02649245 0.00034109 -0.00496258
v 0.02649497 0.00013355 -0.00222159
v 0.01680830 0.01468289 -0.00222159
v 0.01701707 0.01455696 -0.00496258
v 0.02648491 0.00061161 -0.00496258
v 0.02648491 0.00059528 -0.00222159
v 0.02648742 0.00048101 -0.00222159
v 0.01738180 0.01433542 -0.00222159
v 0.01760064 0.01420249 -0.00496258
v 0.02646730 0.00089145 -0.00496258
v 0.02647736 0.00072821 -0.00222159
v 0.01760064 0.01420249 -0.00222159
v 0.01848856 0.01361017 -0.00496258
v 0.02644718 0.00118994 -0.00496258
v 0.02644718 0.00118994 -0.00222159
v 0.02645472 0.00107567 -0.00222159
v 0.01851372 0.01359151 -0.00222159
v 0.01867721 0.01347258 -0.00222159
v 0.01887844 0.01332566 -0.00496258
v 0.02638178 0.00178693 -0.00496258
v 0.02639436 0.00167266 -0.00222159
v 0.01936139 0.01297120 -0.00222159
v 0.01936139 0.01297120 -0.00496258
v 0.02633650 0.00208310 -0.00496258
v 0.02636166 0.00191986 -0.00222159
v 0.02638178 0.00178693 -0.00222159
v 0.01997263 0.01248148 -0.00222159
v 0.02012355 0.01236022 -0.00496258
v 0.02628619 0.00240025 -0.00496258
v 0.02628871 0.00238392 -0.00222159
v 0.02014619 0.01234156 -0.00222159
v 0.02014619 0.01234156 -0.00496258
v 0.02623086 0.00268242 -0.00496258
v 0.02626356 0.00251685 -0.00222159
v 0.02028453 0.01222030 -0.00222159
v 0.02051092 0.01202208 -0.00496258
v 0.02617049 0.00298325 -0.00496258
v 0.02617049 0.00298325 -0.00222159
v 0.02070963 0.01184718 -0.00222159
v 0.02084797 0.01172591 -0.00496258
v 0.02609754 0.00328174 -0.00496258
v 0.02605227 0.00347064 -0.00222159
v 0.02613779 0.00311850 -0.00222159
v 0.02086810 0.01170726 -0.00222159
v 0.02086810 0.01170726 -0.00496258
v 0.02602208 0.00358490 -0.00496258
v 0.02602208 0.00358490 -0.00222159
v 0.02153467 0.01107062 -0.00222159
v 0.02115485 0.01143441 -0.00496258
v 0.02601705 0.00360356 -0.00496258
v 0.02598435 0.00372016 -0.00222159
v 0.02153467 0.01107062 -0.00496258
v 0.02201007 0.01057390 -0.00222159
v 0.02184406 0.01074880 -0.00496258
v 0.02178369 0.01081177 -0.00496258
v 0.02593656 0.00388573 -0.00496258
v 0.02591895 0.00394636 -0.00496258
v 0.02588122 0.00407462 -0.00222159
v 0.02214590 0.01043165 -0.00222159
v 0.02212830 0.01045031 -0.00496258
v 0.02584600 0.00419122 -0.00496258
v 0.02584600 0.00419122 -0.00222159
v 0.02214590 0.01043165 -0.00496258
v 0.02270683 0.00979268 -0.00222159
v 0.02584098 0.00420755 -0.00496258
v 0.02580073 0.00432648 -0.00222159
v 0.02270683 0.00979268 -0.00496258
v 0.02280493 0.00967142 -0.00222159
v 0.02563975 0.00479988 -0.00496258
v 0.02563975 0.00479988 -0.00222159
v 0.02321745 0.00915838 -0.00496258
v 0.02321745 0.00915838 -0.00222159
v 0.02540330 0.00541086 -0.00496258
v 0.02540330 0.00541086 -0.00222159
v 0.02368279 0.00852408 -0.00496258
v 0.02368279 0.00852408 -0.00222159
v 0.02524232 0.00577698 -0.00496258
v 0.02518446 0.00590757 -0.00222159
v 0.02386390 0.00825357 -0.00496258
v 0.02410286 0.00789211 -0.00222159
v 0.02513164 0.00602651 -0.00496258
v 0.02513164 0.00602651 -0.00222159
v 0.02410286 0.00789211 -0.00496258
v 0.02417580 0.00777317 -0.00222159
v 0.02506373 0.00616409 -0.00222159
v 0.02498072 0.00633200 -0.00496258
v 0.02426636 0.00762393 -0.00496258
v 0.02439967 0.00740472 -0.00222159
v 0.02481722 0.00666081 -0.00496258
v 0.02488514 0.00652322 -0.00222159
v 0.02447262 0.00728345 -0.00496258
v 0.02448268 0.00726480 -0.00222159
v 0.02474931 0.00678207 -0.00222159
v 0.02482477 0.00664215 -0.00222159
v 0.02462354 0.00701294 -0.00496258
v 0.02455059 0.00714587 -0.00222159
f 1261 1262 1263
f 1261 1263 1267
f 1261 1267 1264
f 1261 1264 1268
f 1261 1268 1272
f 1261 1272 1276
f 1261 1276 1280
f 1261 1280 1284
f 1261 1284 1289
f 1261 1289 1294
f 1261 1294 1298
f 1261 1298 1303
f 1261 1303 1307
f 1261 1307 1311
f 1261 1311 1315
f 1261 1315 1319
f 1261 1319 1324
f 1261 1324 1328
f 1261 1328 1331
f 1261 1331 1336
f 1261 1336 1340
f 1261 1340 1345
f 1261 1345 1350
f 1261 1350 1355
f 1261 1355 1354
f 1261 1354 1359
f 1261 1359 1364
f 1261 1364 1363
f 1261 1363 1369
f 1261 1369 1374
f 1261 1374 1373
f 1261 1373 1378
f 1261 1378 1382
f 1261 1382 1386
f 1261 1386 1391
f 1261 1391 1390
f 1261 1390 1395
f 1261 1395 1399
f 1261 1399 1406
f 1261 1406 1410
f 1261 1410 1414
f 1261 1414 1418
f 1261 1418 1422
f 1261 1422 1426
f 1261 1426 1430
f 1261 1430 1433
f 1261 1433 1438
f 1261 1438 1442
f 1261 1442 1441
f 1261 1441 1444
f 1261 1444 1440
f 1261 1440 1436
f 1261 1436 1432
f 1261 1432 1428
f 1261 1428 1424
f 1261 1424 1420
f 1261 1420 1416
f 1261 1416 1412
f 1261 1412 1407
f 1261 1407 1401
f 1261 1401 1396
f 1261 1396 1392
f 1261 1392 1387
f 1261 1387 1383
f 1261 1383 1379
f 1261 1379 1375
f 1261 1375 1370
f 1261 1370 1366
f 1261 1366 1365
f 1261 1365 1360
f 1261 1360 1356
f 1261 1356 1351
f 1261 1351 1346
f 1261 1346 1341
f 1261 1341 1337
f 1261 1337 1333
f 1261 1333 1329
f 1261 1329 1325
f 1261 1325 1320
f 1261 1320 1316
f 1261 1316 1312
f 1261 1312 1308
f 1261 1308 1304
f 1261 1304 1299
f 1261 1299 1295
f 1261 1295 1290
f 1261 1290 1286
f 1261 1286 1281
f 1261 1281 1277
f 1261 1277 1274
f 1261 1274 1269
f 1261 1269 1265
f 1261 1265 1262
f 1262 1265 1266
f 1262 1266 1263
f 1263 1266 1270
f 1263 1270 1273
f 1263 1273 1278
f 1263 1278 1282
f 1263 1282 1287
f 1263 1287 1291
f 1263 1291 1296
f 1263 1296 1300
f 1263 1300 1305
f 1263 1305 1309
f 1263 1309 1313
f 1263 1313 1317
f 1263 1317 1321
f 1263 1321 1326
f 1263 1326 1330
f 1263 1330 1334
f 1263 1334 1338
f 1263 1338 1342
f 1263 1342 1347
f 1263 1347 1352
f 1263 1352 1357
f 1263 1357 1361
f 1263 1361 1367
f 1263 1367 1371
f 1263 1371 1376
f 1263 1376 1380
f 1263 1380 1384
f 1263 1384 1388
f 1263 1388 1393
f 1263 1393 1397
f 1263 1397 1400
f 1263 1400 1403
f 1263 1403 1402
f 1263 1402 1408
f 1263 1408 1411
f 1263 1411 1415
f 1263 1415 1419
f 1263 1419 1423
f 1263 1423 1427
f 1263 1427 1431
f 1263 1431 1435
f 1263 1435 1439
f 1263 1439 1443
f 1263 1443 1437
f 1263 1437 1434
f 1263 1434 1429
f 1263 1429 1425
f 1263 1425 1421
f 1263 1421 1417
f 1263 1417 1413
f 1263 1413 1409
f 1263 1409 1405
f 1263 1405 1404
f 1263 1404 1398
f 1263 1398 1394
f 1263 1394 1389
f 1263 1389 1385
f 1263 1385 1381
f 1263 1381 1377
f 1263 1377 1372
f 1263 1372 1368
f 1263 1368 1362
f 1263 1362 1358
f 1263 1358 1353
f 1263 1353 1349
f 1263 1349 1348
f 1263 1348 1344
f 1263 1344 1343
f 1263 1343 1339
f 1263 1339 1335
f 1263 1335 1332
f 1263 1332 1327
f 1263 1327 1323
f 1263 1323 1322
f 1263 1322 1318
f 1263 1318 1314
f 1263 1314 1310
f 1263 1310 1306
f 1263 1306 1302
f 1263 1302 1301
f 1263 1301 1297
f 1263 1297 1293
f 1263 1293 1292
f 1263 1292 1288
f 1263 1288 1285
f 1263 1285 1283
f 1263 1283 1279
f 1263 1279 1275
f 1263 1275 1271
f 1263 1271 1267
f 1264 1267 1271
f 1264 1271 1268
f 1265 1269 1270
f 1265 1270 1266
f 1268 1271 1275
f 1268 1275 1272
f 1269 1273 1270
f 1269 1274 1273
f 1272 1275 1279
f 1272 1279 1276
f 1273 1274 1277
f 1273 1277 1278
f 1276 1279 1280
f 1277 1281 1278
f 1278 1281 1282
f 1279 1283 1280
f 1280 1283 1285
f 1280 1285 1284
f 1281 1286 1282
f 1282 1286 1287
f 1284 1285 1288
f 1284 1288 1289
f 1286 1290 1287
f 1287 1290 1291
f 1288 1292 1289
f 1289 1292 1293
f 1289 1293 1294
f 1290 1295 1291
f 1291 1295 1296
f 1293 1297 1294
f 1294 1297 1298
f 1295 1299 1300
f 1295 1300 1296
f 1297 1301 1298
f 1298 1302 1303
f 1298 1301 1302
f 1299 1304 1300
f 1300 1304 1305
f 1302 1306 1307
f 1302 1307 1303
f 1304 1308 1305
f 1305 1308 1309
f 1306 1310 1307
f 1307 1310 1311
f 1308 1312 1313
f 1308 1313 1309
f 1310 1314 1311
f 1311 1314 1315
f 1312 1316 1313
f 1313 1316 1317
f 1314 1318 1315
f 1315 1318 1319
f 1316 1320 1317
f 1317 1320 1321
f 1318 1322 1319
f 1319 1322 1323
f 1319 1323 1324
f 1320 1325 1326
f 1320 1326 1321
f 1323 1327 1328
f 1323 1328 1324
f 1325 1329 1326
f 1326 1329 1330
f 1327 1331 1328
f 1327 1332 1331
f 1329 1333 1330
f 1330 1333 1334
f 1331 1332 1335
f 1331 1335 1336
f 1333 1337 1334
f 1334 1337 1338
f 1335 1339 1336
f 1336 1339 1340
f 1337 1341 1338
f 1338 1341 1342
f 1339 1343 1340
f 1340 1344 1348
f 1340 1348 1345
f 1340 1343 1344
f 1341 1346 1347
f 1341 1347 1342
f 1345 1348 1349
f 1345 1349 1350
f 1346 1351 1352
f 1346 1352 1347
f 1349 1353 1354
f 1349 1354 1355
f 1349 1355 1350
f 1351 1356 1352
f 1352 1356 1360
f 1352 1360 1357
f 1353 1358 1359
f 1353 1359 1354
f 1357 1360 1361
f 1358 1362 1363
f 1358 1363 1364
f 1358 1364 1359
f 1360 1365 1361
f 1361 1365 1366
f 1361 1366 1367
f 1362 1368 1369
f 1362 1369 1363
f 1366 1370 1367
f 1367 1370 1371
f 1368 1372 1373
f 1368 1373 1374
f 1368 1374 1369
f 1370 1375 1371
f 1371 1375 1376
f 1372 1377 1378
f 1372 1378 1373
f 1375 1379 1376
f 1376 1379 1380
f 1377 1381 1382
f 1377 1382 1378
f 1379 1383 1384
f 1379 1384 1380
f 1381 1385 1386
f 1381 1386 1382
f 1383 1387 1384
f 1384 1387 1388
f 1385 1389 1390
f 1385 1390 1391
f 1385 1391 1386
f 1387 1392 1388
f 1388 1392 1393
f 1389 1394 1390
f 1390 1394 1395
f 1392 1396 1397
f 1392 1397 1393
f 1394 1398 1395
f 1395 1398 1399
f 1396 1400 1397
f 1396 1401 1402
f 1396 1402 1403
f 1396 1403 1400
f 1398 1404 1399
f 1399 1404 1405
f 1399 1405 1406
f 1401 1407 1402
f 1402 1407 1408
f 1405 1409 1406
f 1406 1409 1410
f 1407 1411 1408
f 1407 1412 1415
f 1407 1415 1411
f 1409 1413 1410
f 1410 1413 1414
f 1412 1416 1415
f 1413 1417 1414
f 1414 1417 1418
f 1415 1416 1419
f 1416 1420 1419
f 1417 1421 1422
f 1417 1422 1418
f 1419 1420 1424
f 1419 1424 1423
f 1421 1425 1422
f 1422 1425 1426
f 1423 1424 1427
f 1424 1428 1427
f 1425 1429 1426
f 1426 1429 1430
f 1427 1428 1431
f 1428 1432 1431
f 1429 1433 1430
f 1429 1434 1433
f 1431 1432 1435
f 1432 1436 1435
f 1433 1434 1437
f 1433 1437 1438
f 1435 1436 1439
f 1436 1440 1439
f 1437 1441 1442
f 1437 1442 1438
f 1437 1443 1444
f 1437 1444 1441
f 1439 1440 1444
f 1439 1444 1443

o geometry_13
v 0.00731028 0.01825551 -0.00496258
v 0.00782844 0.01815057 -0.00496258
v 0.00731028 0.01825551 -0.00536008
v 0.00080554 0.01825551 -0.00496258
v 0.00841704 0.01800832 -0.00496258
v 0.00782844 0.01815057 -0.00536008
v 0.00080554 0.01825551 -0.00536008
v 0.00080554 -0.00556819 -0.00496258
v 0.00850256 0.01798733 -0.00536008
v 0.00856041 0.01797334 -0.00496258
v 0.00080554 -0.00556819 -0.00536008
v 0.02533287 -0.00556819 -0.00496258
v 0.00927729 0.01779610 -0.00536008
v 0.00927729 0.01779610 -0.00496258
v 0.02533287 -0.00556819 -0.00536008
v 0.02540330 -0.00540728 -0.00496258
v 0.00987595 0.01762354 -0.00496258
v 0.00992374 0.01760955 -0.00536008
v 0.02540330 -0.00540728 -0.00536008
v 0.02554416 -0.00504349 -0.00496258
v 0.01063056 0.01740200 -0.00496258
v 0.01066829 0.01739034 -0.00536008
v 0.02563975 -0.00479630 -0.00536008
v 0.02563975 -0.00479630 -0.00496258
v 0.01066829 0.01739034 -0.00496258
v 0.01128456 0.01718279 -0.00536008
v 0.02575042 -0.00446982 -0.00536008
v 0.02574287 -0.00449547 -0.00496258
v 0.01120658 0.01720844 -0.00496258
v 0.01195867 0.01695425 -0.00496258
v 0.01199640 0.01694026 -0.00536008
v 0.02584600 -0.00418765 -0.00536008
v 0.02584600 -0.00418765 -0.00496258
v 0.01199640 0.01694026 -0.00496258
v 0.01258248 0.01671406 -0.00536008
v 0.02594159 -0.00386350 -0.00536008
v 0.02585104 -0.00417132 -0.00496258
v 0.01253721 0.01673038 -0.00496258
v 0.01322139 0.01646453 -0.00496258
v 0.01325660 0.01645054 -0.00536008
v 0.02602208 -0.00358366 -0.00536008
v 0.02602711 -0.00356734 -0.00496258
v 0.02595165 -0.00382852 -0.00496258
v 0.02593404 -0.00388915 -0.00496258
v 0.01325660 0.01645054 -0.00496258
v 0.01376722 0.01622667 -0.00496258
v 0.01441367 0.01594217 -0.00496258
v 0.01380747 0.01620801 -0.00536008
v 0.02610257 -0.00326184 -0.00536008
v 0.02610760 -0.00324086 -0.00496258
v 0.01501233 0.01564833 -0.00496258
v 0.01444637 0.01592584 -0.00536008
v 0.02617049 -0.00298201 -0.00536008
v 0.02617049 -0.00298201 -0.00496258
v 0.01553552 0.01538948 -0.00496258
v 0.01556822 0.01537316 -0.00536008
v 0.02628871 -0.00238268 -0.00536008
v 0.02623840 -0.00263920 -0.00496258
v 0.01556822 0.01537316 -0.00496258
v 0.01605620 0.01510731 -0.00536008
v 0.02633902 -0.00206087 -0.00536008
v 0.02628871 -0.00238268 -0.00496258
v 0.01609645 0.01508399 -0.00496258
v 0.01661965 0.01479716 -0.00496258
v 0.01661965 0.01479716 -0.00536008
v 0.02638178 -0.00178336 -0.00536008
v 0.02638178 -0.00178336 -0.00496258
v 0.01701707 0.01455696 -0.00496258
v 0.01707493 0.01452198 -0.00536008
v 0.02641699 -0.00146387 -0.00536008
v 0.02638429 -0.00176703 -0.00496258
v 0.01760064 0.01420249 -0.00496258
v 0.01760064 0.01420249 -0.00536008
v 0.02644718 -0.00118870 -0.00536008
v 0.02641951 -0.00144522 -0.00496258
v 0.01848856 0.01361017 -0.00496258
v 0.01851372 0.01359151 -0.00536008
v 0.02648491 -0.00059404 -0.00536008
v 0.02646730 -0.00089253 -0.00496258
v 0.02644718 -0.00118870 -0.00496258
v 0.01887844 0.01332566 -0.00496258
v 0.01890611 0.01330468 -0.00536008
v 0.02649245 -0.00027455 -0.00536008
v 0.02649245 -0.00029787 -0.00496258
v 0.02648491 -0.00059404 -0.00496258
v 0.01936139 0.01297120 -0.00496258
v 0.01936139 0.01297120 -0.00536008
v 0.02649749 0.00000062 -0.00536008
v 0.02649749 0.00000062 -0.00496258
v 0.01972612 0.01267970 -0.00536008
v 0.02012355 0.01236022 -0.00496258
v 0.02649245 0.00032011 -0.00536008
v 0.02649245 0.00034109 -0.00496258
v 0.02649749 0.00001695 -0.00496258
v 0.02014619 0.01234156 -0.00536008
v 0.02014619 0.01234156 -0.00496258
v 0.02648491 0.00059528 -0.00536008
v 0.02648491 0.00061161 -0.00496258
v 0.02051092 0.01202208 -0.00496258
v 0.02048073 0.01204773 -0.00536008
v 0.02646479 0.00091477 -0.00536008
v 0.02646730 0.00089145 -0.00496258
v 0.02084797 0.01172591 -0.00496258
v 0.02086810 0.01170726 -0.00536008
v 0.02644718 0.00118994 -0.00536008
v 0.02644718 0.00118994 -0.00496258
v 0.02086810 0.01170726 -0.00496258
v 0.02115485 0.01143441 -0.00496258
v 0.02153467 0.01107062 -0.00536008
v 0.02638178 0.00178693 -0.00536008
v 0.02638178 0.00178693 -0.00496258
v 0.02153467 0.01107062 -0.00496258
v 0.02178369 0.01081177 -0.00496258
v 0.02181891 0.01077446 -0.00536008
v 0.02628871 0.00238392 -0.00536008
v 0.02633650 0.00208310 -0.00496258
v 0.02184406 0.01074880 -0.00496258
v 0.02214590 0.01043165 -0.00536008
v 0.02622583 0.00270574 -0.00536008
v 0.02628619 0.00240025 -0.00496258
v 0.02212830 0.01045031 -0.00496258
v 0.02214590 0.01043165 -0.00496258
v 0.02270683 0.00979268 -0.00536008
v 0.02623086 0.00268242 -0.00496258
v 0.02617049 0.00298325 -0.00536008
v 0.02270683 0.00979268 -0.00496258
v 0.02321745 0.00915838 -0.00536008
v 0.02617049 0.00298325 -0.00496258
v 0.02602208 0.00358490 -0.00536008
v 0.02609754 0.00328174 -0.00496258
v 0.02321745 0.00915838 -0.00496258
v 0.02368279 0.00852408 -0.00536008
v 0.02592901 0.00390905 -0.00536008
v 0.02593656 0.00388573 -0.00496258
v 0.02601705 0.00360356 -0.00496258
v 0.02602208 0.00358490 -0.00496258
v 0.02368279 0.00852408 -0.00496258
v 0.02386390 0.00825357 -0.00496258
v 0.02410286 0.00789211 -0.00536008
v 0.02584600 0.00419122 -0.00536008
v 0.02591895 0.00394636 -0.00496258
v 0.02410286 0.00789211 -0.00496258
v 0.02426636 0.00762393 -0.00496258
v 0.02427893 0.00760294 -0.00536008
v 0.02584600 0.00419122 -0.00496258
v 0.02563975 0.00479988 -0.00536008
v 0.02584098 0.00420755 -0.00496258
v 0.02447262 0.00728345 -0.00496258
v 0.02448268 0.00726480 -0.00536008
v 0.02540330 0.00541086 -0.00536008
v 0.02563975 0.00479988 -0.00496258
v 0.02462354 0.00701294 -0.00496258
v 0.02464366 0.00697563 -0.00536008
v 0.02540330 0.00541086 -0.00496258
v 0.02513164 0.00602651 -0.00536008
v 0.02524232 0.00577698 -0.00496258
v 0.02481722 0.00666081 -0.00496258
v 0.02482477 0.00664215 -0.00536008
v 0.02496814 0.00635532 -0.00536008
v 0.02498072 0.00633200 -0.00496258
v 0.02513164 0.00602651 -0.00496258
f 1445 1446 1450
f 1445 1450 1447
f 1445 1447 1451
f 1445 1451 1448
f 1445 1448 1452
f 1445 1452 1456
f 1445 1456 1460
f 1445 1460 1464
f 1445 1464 1468
f 1445 1468 1472
f 1445 1472 1477
f 1445 1477 1481
f 1445 1481 1488
f 1445 1488 1487
f 1445 1487 1486
f 1445 1486 1494
f 1445 1494 1498
f 1445 1498 1502
f 1445 1502 1506
f 1445 1506 1511
f 1445 1511 1515
f 1445 1515 1519
f 1445 1519 1524
f 1445 1524 1523
f 1445 1523 1529
f 1445 1529 1528
f 1445 1528 1533
f 1445 1533 1538
f 1445 1538 1537
f 1445 1537 1542
f 1445 1542 1546
f 1445 1546 1550
f 1445 1550 1555
f 1445 1555 1560
f 1445 1560 1564
f 1445 1564 1568
f 1445 1568 1572
f 1445 1572 1574
f 1445 1574 1580
f 1445 1580 1579
f 1445 1579 1578
f 1445 1578 1585
f 1445 1585 1589
f 1445 1589 1591
f 1445 1591 1595
f 1445 1595 1598
f 1445 1598 1600
f 1445 1600 1605
f 1445 1605 1604
f 1445 1604 1601
f 1445 1601 1596
f 1445 1596 1592
f 1445 1592 1587
f 1445 1587 1586
f 1445 1586 1582
f 1445 1582 1581
f 1445 1581 1575
f 1445 1575 1570
f 1445 1570 1566
f 1445 1566 1565
f 1445 1565 1561
f 1445 1561 1557
f 1445 1557 1556
f 1445 1556 1552
f 1445 1552 1551
f 1445 1551 1547
f 1445 1547 1543
f 1445 1543 1540
f 1445 1540 1535
f 1445 1535 1530
f 1445 1530 1525
f 1445 1525 1520
f 1445 1520 1516
f 1445 1516 1512
f 1445 1512 1508
f 1445 1508 1507
f 1445 1507 1503
f 1445 1503 1499
f 1445 1499 1495
f 1445 1495 1491
f 1445 1491 1490
f 1445 1490 1489
f 1445 1489 1483
f 1445 1483 1482
f 1445 1482 1478
f 1445 1478 1474
f 1445 1474 1473
f 1445 1473 1469
f 1445 1469 1465
f 1445 1465 1461
f 1445 1461 1458
f 1445 1458 1454
f 1445 1454 1449
f 1445 1449 1446
f 1446 1449 1450
f 1447 1450 1453
f 1447 1453 1457
f 1447 1457 1462
f 1447 1462 1466
f 1447 1466 1470
f 1447 1470 1475
f 1447 1475 1479
f 1447 1479 1484
f 1447 1484 1492
f 1447 1492 1496
f 1447 1496 1500
f 1447 1500 1504
f 1447 1504 1509
f 1447 1509 1513
f 1447 1513 1517
f 1447 1517 1521
f 1447 1521 1526
f 1447 1526 1531
f 1447 1531 1534
f 1447 1534 1539
f 1447 1539 1544
f 1447 1544 1548
f 1447 1548 1553
f 1447 1553 1558
f 1447 1558 1562
f 1447 1562 1567
f 1447 1567 1571
f 1447 1571 1576
f 1447 1576 1583
f 1447 1583 1588
f 1447 1588 1593
f 1447 1593 1597
f 1447 1597 1602
f 1447 1602 1603
f 1447 1603 1599
f 1447 1599 1594
f 1447 1594 1590
f 1447 1590 1584
f 1447 1584 1577
f 1447 1577 1573
f 1447 1573 1569
f 1447 1569 1563
f 1447 1563 1559
f 1447 1559 1554
f 1447 1554 1549
f 1447 1549 1545
f 1447 1545 1541
f 1447 1541 1536
f 1447 1536 1532
f 1447 1532 1527
f 1447 1527 1522
f 1447 1522 1518
f 1447 1518 1514
f 1447 1514 1510
f 1447 1510 1505
f 1447 1505 1501
f 1447 1501 1497
f 1447 1497 1493
f 1447 1493 1485
f 1447 1485 1480
f 1447 1480 1476
f 1447 1476 1471
f 1447 1471 1467
f 1447 1467 1463
f 1447 1463 1459
f 1447 1459 1455
f 1447 1455 1451
f 1448 1451 1455
f 1448 1455 1452
f 1449 1453 1450
f 1449 1454 1453
f 1452 1455 1459
f 1452 1459 1456
f 1453 1454 1457
f 1454 1458 1457
f 1456 1459 1463
f 1456 1463 1460
f 1457 1458 1461
f 1457 1461 1462
f 1460 1463 1464
f 1461 1465 1462
f 1462 1465 1466
f 1463 1467 1464
f 1464 1467 1468
f 1465 1469 1466
f 1466 1469 1470
f 1467 1471 1472
f 1467 1472 1468
f 1469 1473 1470
f 1470 1473 1474
f 1470 1474 1475
f 1471 1476 1472
f 1472 1476 1477
f 1474 1478 1475
f 1475 1478 1479
f 1476 1480 1481
f 1476 1481 1477
f 1478 1482 1479
f 1479 1482 1483
f 1479 1483 1484
f 1480 1485 1486
f 1480 1486 1487
f 1480 1487 1488
f 1480 1488 1481
f 1483 1489 1484
f 1484 1489 1490
f 1484 1490 1491
f 1484 1491 1492
f 1485 1493 1486
f 1486 1493 1494
f 1491 1495 1496
f 1491 1496 1492
f 1493 1497 1498
f 1493 1498 1494
f 1495 1499 1500
f 1495 1500 1496
f 1497 1501 1502
f 1497 1502 1498
f 1499 1503 1500
f 1500 1503 1504
f 1501 1505 1506
f 1501 1506 1502
f 1503 1507 1504
f 1504 1507 1508
f 1504 1508 1509
f 1505 1510 1515
f 1505 1515 1511
f 1505 1511 1506
f 1508 1512 1509
f 1509 1512 1513
f 1510 1514 1515
f 1512 1516 1513
f 1513 1516 1517
f 1514 1518 1515
f 1515 1518 1519
f 1516 1520 1517
f 1517 1520 1521
f 1518 1522 1523
f 1518 1523 1524
f 1518 1524 1519
f 1520 1525 1521
f 1521 1525 1526
f 1522 1527 1528
f 1522 1528 1529
f 1522 1529 1523
f 1525 1530 1531
f 1525 1531 1526
f 1527 1532 1528
f 1528 1532 1533
f 1530 1534 1531
f 1530 1535 1534
f 1532 1536 1537
f 1532 1537 1538
f 1532 1538 1533
f 1534 1535 1539
f 1535 1540 1539
f 1536 1541 1537
f 1537 1541 1542
f 1539 1540 1543
f 1539 1543 1544
f 1541 1545 1546
f 1541 1546 1542
f 1543 1547 1544
f 1544 1547 1548
f 1545 1549 1546
f 1546 1549 1550
f 1547 1551 1548
f 1548 1551 1552
f 1548 1552 1553
f 1549 1554 1555
f 1549 1555 1550
f 1552 1556 1553
f 1553 1556 1557
f 1553 1557 1558
f 1554 1559 1560
f 1554 1560 1555
f 1557 1561 1558
f 1558 1561 1562
f 1559 1563 1564
f 1559 1564 1560
f 1561 1565 1562
f 1562 1565 1566
f 1562 1566 1570
f 1562 1570 1567
f 1563 1568 1564
f 1563 1569 1568
f 1567 1570 1575
f 1567 1575 1571
f 1568 1569 1572
f 1569 1573 1574
f 1569 1574 1572
f 1571 1575 1581
f 1571 1581 1576
f 1573 1577 1578
f 1573 1578 1579
f 1573 1579 1580
f 1573 1580 1574
f 1576 1581 1582
f 1576 1582 1583
f 1577 1584 1585
f 1577 1585 1578
f 1582 1586 1583
f 1583 1586 1587
f 1583 1587 1588
f 1584 1589 1585
f 1584 1590 1591
f 1584 1591 1589
f 1587 1592 1588
f 1588 1592 1593
f 1590 1594 1598
f 1590 1598 1595
f 1590 1595 1591
f 1592 1596 1593
f 1593 1596 1597
f 1594 1599 1600
f 1594 1600 1598
f 1596 1601 1597
f 1597 1601 1602
f 1599 1603 1601
f 1599 1601 1604
f 1599 1604 1605
f 1599 1605 1600
f 1601 1603 1602